Row Labels,Sum of APR20,Sum of MAY20,Sum of JUN20,Sum of JUL20,Sum of AUG20,Sum of SEP20,Sum of OCT20,Sum of NOV20,Sum of DEC20,Sum of JAN21,Sum of FEB21,Sum of MAR21,Sum of APR21,Sum of MAY21,Sum of JUN21,Sum of JUL21,Sum of AUG21,Sum of SEP21,Sum of OCT21,Sum of NOV21,Sum of DEC21,Sum of JAN22,Sum of FEB22,Sum of MAR22,Sum of APR22,Sum of MAY22,Sum of JUN22,Sum of JUL22
"Aberdeen-Bel Air South-Bel Air North, MD",,,,,,,,,,,,,,,,,,,,,,,,,,,,
"Abilene, TX",,,,,,,,,,,,,,,,,,,,,,,,,,,,
"Akron, OH",222006,203535,222161,231375,240618,262951,281726,246445,238847,229603,222423,280082,270011,255775,264621,263142,291693,360190,361071,328769,302876,280906,305308,360079,341105,331705,323638,34827
"Albany, GA",27403,29017,39574,42439,45188,46185,54652,39212,30337,30854,29112,31941,29509,25540,26291,24472,31480,32381,31665,25394,20912,22722,897,1038,1020,,,
"Albany-Schenectady, NY",575380,728474,870604,1032740,993323,904524,909182,805303,765628,722760,712452,886016,890744,868772,870455,893505,947410,1111747,1123831,1032346,979749,851059,895379,1124289,,,,
"Albuquerque, NM",321759,312922,345066,380114,343849,360051,389576,303708,285040,284061,283711,372946,377303,368399,399560,433362,438709,434283,487264,458996,425689,458579,439984,503705,473996,518203,538065,568741
"Alexandria, LA",,,,,,,,,,,,,,,,,,,,,,,,,,,,
"Allentown, PA-NJ",150063,184232,233366,248050,247987,250897,262665,228461,209386,212436,169304,251455,240076,233735,232945,233008,224895,230489,258982,239646,244024,206248,221677,265281,268616,277921,278607,240992
"Altoona, PA",18379,21598,26387,25375,24696,30346,33649,26150,22530,20764,20970,30353,31324,28040,25954,30843,35046,39468,40075,37825,35619,33883,35264,42041,40153,36789,28684,
"Amarillo, TX",,,,,,,,,,,,,,,,,,,,,,,,,,,,
"Ames, IA",23143,26614,32959,32514,188703,236608,236142,163937,39026,115317,261304,274971,226701,74003,62805,57229,256236,486222,449085,360450,233178,284575,462800,390474,419582,235603,91246,
"Anchorage, AK",53780,16863,137226,170584,159580,155445,156386,127576,142361,142712,144818,173671,187274,190576,249080,254032,259842,214420,200246,166323,177175,171712,176780,225809,233911,258165,308806,298030
"Anderson, IN",,,,,,,,,,,,,,,,,,,,,,,,,,,,
"Ann Arbor, MI",109400,104743,140853,167463,227958,296601,283510,220471,189965,214460,218802,260711,253408,222402,242086,258273,407584,992258,795218,779189,523348,753768,728556,816180,718742,406481,422400,269325
"Antioch, CA",66778,66002,74365,77793,75794,77801,80739,70609,76956,59441,58197,69300,71142,69671,70792,80716,89877,102522,91255,83811,87849,75362,72088,88442,85483,90821,85973,78338
"Appleton, WI",28285,31188,44036,44932,43956,47490,47628,42994,45702,46053,43811,55026,56034,53623,52419,50885,52412,61937,62834,63041,60291,55763,57961,54923,65197,64300,57474,53742
"Asheville, NC",40108,91821,110252,119517,119901,143740,151229,139586,125262,126448,118326,111886,111877,115279,141470,145535,153690,144434,155310,134564,143242,159139,100480,115733,111782,111981,112704,106255
"Athens-Clarke County, GA",73917,95697,112113,43956,111823,161182,156726,126459,76880,142380,177418,190546,169205,79293,81108,96668,362726,502990,402741,365095,214151,85803,94846,93794,97487,70885,62908,65603
"Atlanta, GA",3424950,3478677,4031942,4321527,4503605,4037643,4144977,3838289,3731392,3673532,3571181,4109051,4173800,4396275,4493921,4566756,4660705,5037558,5210740,4859546,4354775,4168866,4152581,4874856,4876322,5102927,5080790,5041374
"Atlantic City, NJ",1990,2456,2431,2887,2775,3356,3334,2855,3355,3006,2579,3436,3305,3019,3558,3262,3583,5588,6021,5521,5898,5068,5419,6826,5901,6397,6364,6123
"Auburn, AL",,,,,,,,,,,,,,,,,,,,,,,,,,,,
"Augusta-Richmond County, GA-SC",34164,50214,56118,58827,63665,57431,58469,65050,66056,49560,50152,43528,62444,48695,51439,43556,36479,34816,39184,35095,35261,31480,34107,38683,36523,36186,32677,
"Austin, TX",1077383,1230158,1210496,1183879,1256042,1318599,1425508,1325261,1275590,1263407,965880,1429235,1412663,1419432,1503915,1570498,1550958,1673532,1927390,1633986,1492159,1368680,1372951,1750832,1742242,1748390,1690733,1690631
"Bakersfield, CA",201479,213902,221514,242341,232688,254143,252255,219237,240955,224789,209113,231125,252678,249874,253238,248030,268495,366705,283765,249072,233280,265771,237157,263201,269314,262003,255184,
"Baltimore, MD",2825429,2872969,3335236,3904313,4022735,3919645,4176757,3584070,3350953,3227696,2817834,3557827,3688652,3607853,3682360,3912998,3728197,4540551,4703156,4483018,4465637,3668450,3764413,4520359,4448353,4717702,4559066,52399
"Bangor, ME",,,,,,,,,,,,,,,,,,,,,,,,,,,,
"Barnstable Town, MA",56917,145608,327565,584971,651410,477305,346158,227401,196072,176371,169689,222075,300080,430134,593749,667540,640670,461577,356984,253461,225683,150914,161269,204066,289553,400945,496297,515140
"Baton Rouge, LA",83928,94171,107249,105539,119299,142449,143374,121429,110635,104751,88371,108055,97313,94055,96645,94058,93139,86638,99994,100760,98285,,,,,,,
"Battle Creek, MI",,,,,,,,,,,,,,,,,,,,,,,,,,,,
"Bay City, MI",2571,2885,3553,5096,8959,5689,11263,7362,4089,4115,4639,5718,5318,5246,5531,11737,14161,17778,18355,17843,17751,16779,16839,20425,19371,18609,19943,19216
"Beaumont, TX",21131,22717,24679,25664,23076,27807,29995,28478,30307,29926,26041,37764,31013,29534,17262,20189,19878,18346,20707,19073,20412,17319,17290,19153,18407,19445,21883,20323
"Bellingham, WA",74943,82376,94479,101157,106113,106138,125066,108897,107720,109156,109250,131854,135196,130816,137101,127354,129244,185454,269171,225273,174533,209629,251345,253332,287565,284689,216055,185697
"Beloit, WI-IL",,,,,,,,,,,,,,,,,,,,,,,,,,,,
"Bend, OR",13005,9546,19989,24601,22608,22773,26134,21608,26299,26141,27932,30434,29416,27664,43914,62235,49363,28288,26502,24419,29017,32010,32394,36369,34073,30204,38737,65246
"Benton Harbor-St. Joseph-Fair Plain, MI",,,,,,,,,,,,,,,,,,,,,,,,,,,,
"Billings, MT",17501,20578,20376,20241,19791,27943,26597,25148,25255,26209,26301,30926,29600,26746,23036,21722,23833,31108,29997,29768,28232,27827,28397,32240,28991,30155,25180,21823
"Binghamton, NY-PA",57708,58220,65734,66412,76156,83849,77499,66647,60776,57592,65509,80328,78864,70130,68786,70123,100934,106211,107429,98198,89956,77158,91609,104355,95605,95170,81647,75622
"Birmingham, AL",123363,131204,160709,169777,186364,183832,191776,185304,146667,110152,98952,118616,120616,126022,131215,143996,139659,144108,138194,136860,147721,132237,131574,152858,146750,150059,153351,182534
"Bismarck, ND",,,,,,,,,,,,,,,,,,,,,,,,,,,,
"Blacksburg, VA",10622,11499,15229,18308,53046,100303,102601,73384,22147,48147,90449,109950,103932,54434,34057,32895,226463,500405,450590,332165,180008,234626,402965,344903,374187,135900,52729,49046
"Bloomington, IN",32327,34798,48390,51041,65559,90371,90797,69715,54290,55070,67830,92723,86305,64094,63301,59684,139595,216192,200247,166782,118664,153706,171877,176210,179437,83885,77225,69286
"Bloomington-Normal, IL",89550,91443,114384,121920,140403,137108,143133,128068,115942,118809,112855,145315,143453,127640,115752,113798,167292,176210,179546,157117,121260,78701,151821,174824,169245,125401,123955,118785
"Boise City, ID",81356,85990,95421,102464,93976,98548,98860,82789,84351,83137,78755,89140,80676,89358,83296,81711,85557,90712,92111,88243,86462,88904,88989,104395,98845,98218,96426,81076
"Bonita Springs, FL",31007,41169,48164,51142,49203,47802,53619,47216,53536,54063,52523,59901,56240,55400,54015,53641,54260,54995,62610,57002,57946,56186,56831,65669,63468,64067,63914,65900
"Boston, MA-NH-RI",4413091,5186039,7315829,9215649,9628630,10516271,10822024,9750608,9103726,8736607,8477581,10522227,11069608,12490736,14242910,14343746,15008724,17568010,18605666,16838320,15638382,12728891,14141176,18198979,17974675,18691357,19104845,18190217
"Boulder, CO",1683,2387,3036,6096,6153,6275,6790,6165,6756,6527,6929,8850,9059,9148,9505,9373,9814,9654,10823,9476,10254,7920,7771,9611,9015,9006,9144,9010
"Bowling Green, KY",,,,,,,,,,,,,,,,,,,,,,,,,,,,
"Bremerton, WA",88676,97880,129668,147128,146573,135403,139994,115133,118350,107679,106944,137641,139197,134778,149871,161227,169080,169093,162219,152581,135023,138683,145184,182600,182433,181919,196851,198174
"Bridgeport-Stamford, CT-NY",255047,296925,428839,487666,517746,558928,544963,454036,423313,392948,346652,475253,481170,497867,528549,545654,558697,621422,588051,566892,556273,463016,490960,601910,694827,761286,826367,831735
"Brownsville, TX",26708,42596,45595,38636,40536,41808,48101,44682,46105,43303,37291,52778,53259,52944,54957,51055,65872,72433,78008,79852,82963,71295,78233,93896,93866,96180,86380,
"Buffalo, NY",886586,969121,1166309,1008464,1006318,1031785,1033447,871767,828036,769906,768925,978563,949700,962268,997525,1053168,1079223,1326983,1325046,1172548,1120540,952886,957374,1280271,1137699,1236130,1175225,1141117
"Burlington, VT",68274,72587,97810,103185,108576,132916,140018,114243,107544,106488,109855,138364,132854,130943,121870,117865,129150,177183,189202,166474,164266,178893,178448,168841,132069,147640,,
"Canton, OH",78585,72443,105327,106772,107163,108702,112813,89485,84339,88210,81443,101221,90853,90540,98778,99082,132722,99517,107326,98696,95204,83451,83992,104633,103115,94603,106733,100658
"Cape Coral, FL",61902,80068,129527,146801,156580,128554,140772,126509,140520,164690,183460,227583,186643,139908,136195,131435,131939,129339,148458,155519,215608,200399,227285,292806,239597,149767,146339,143132
"Carbondale, IL",19714,21108,26285,27321,32137,40187,43857,34813,30208,35099,35163,49720,49948,43722,44808,46741,56389,61728,64317,59971,49549,51692,51612,66518,59252,54449,55111,47990
"Casper, WY",,,,,,,,,,,,,,,,,,,,,,,,,,,,
"Cedar Rapids, IA",2797,12983,39641,42689,31784,47622,55213,46258,50060,45391,42811,56300,53416,46366,52852,50182,55042,62248,64049,65149,60952,55162,59036,71143,70205,70897,69766,70585
"Champaign, IL",169727,168484,201092,225884,266366,296693,343572,279871,213964,252160,314288,368353,359951,288349,262333,260832,567466,850702,822799,678046,501612,506446,766278,765120,813098,477568,317364,290113
"Charleston, WV",62802,71872,91669,83514,81693,84280,86462,78135,77349,71994,69677,96079,91629,77328,85683,82409,86780,82496,80815,83901,81323,73507,78408,91992,86244,90332,88759,79368
"Charleston-North Charleston, SC",66085,81680,115524,125945,133463,154477,169400,148360,150401,142842,140764,165899,171516,168696,174780,166619,174698,184301,196540,182422,170866,158206,158518,186865,172187,245268,196247,178383
"Charlotte, NC-SC",689312,720384,853262,783498,762205,750422,834861,761577,732971,675381,639756,735290,746492,788227,786627,817353,843633,882223,928583,871376,863872,739231,774828,998974,968810,911958,899855,923472
"Charlottesville, VA",6889,7349,8648,12546,11829,12209,13256,11780,11318,11500,9892,13999,13209,12027,14403,14994,15764,15514,15821,15454,14637,10370,14871,18056,17269,17673,17876,
"Chattanooga, TN-GA",71524,80252,99316,141369,133665,124115,140479,119314,116039,109713,101819,130706,125294,145553,181831,210649,151859,128220,142272,125172,118292,79534,84236,101407,99979,97055,102509,
"Cheyenne, WY",,,,,,,,,,,,,,,,,,,,,,,,,,,,
"Chicago, IL-IN",9074074,10182691,11799943,14826027,14748330,15168774,15702966,13000616,12833384,12389041,11965474,15628106,15938313,17170417,19280465,21712845,22179623,24297660,24273883,22155287,20104850,16565897,18861599,24024654,23250854,24793013,25279880,24804301
"Chico, CA",21530,28458,29139,31026,29327,27657,33747,28935,28452,26337,28808,34098,37030,35216,35582,35261,43476,51453,49892,44738,40641,38144,47990,50479,50919,49000,41181,37795
"Cincinnati, OH-KY-IN",465584,491657,603697,666320,661081,705893,754397,668969,628100,700118,667329,953427,1023434,1021810,907453,959894,1119140,1239196,1235908,1172706,1068934,760914,827958,1026624,1023665,1050420,921898,909407
"Clarksville, TN-KY",,,,,,,,,,,,,,,,,,,,,,,,,,,,
"Cleveland, OH",931808,1060681,1193287,1254400,1249339,1290342,1331999,1171457,1131591,1131140,1045250,1308827,1308396,1283946,1325160,1355686,1460851,1587528,1630117,1519098,1417034,1283533,1339106,1633451,1611964,1658933,1595277,1549868
"Cleveland, TN",,,,,,,,,,,,,,,,,,,,,,,,,,,,
"Coeur d'Alene, ID",,,,,,,,,,,,,,,,,,,,,,,,,,,,
"College Station-Bryan, TX",9737,13697,17152,17255,17568,19508,20927,18588,21416,20356,17434,28052,24811,23696,27747,23820,29848,23702,22159,22008,21340,19059,18818,23240,22176,23929,26695,25065
"Colorado Springs, CO",136531,134276,148067,155775,159083,176232,175886,131037,125067,130072,122209,153174,160240,165711,197164,202352,193920,176066,158481,137733,132938,122876,118773,155234,169806,187630,214728,227259
"Columbia, MO",18694,18385,31725,34828,37525,40977,33738,34576,30798,30314,26357,53040,52917,44071,38981,39802,41781,108523,101931,100658,92115,76564,100379,105178,98367,101823,48462,50996
"Columbia, SC",125611,125680,147741,163534,178730,188954,207911,197190,201845,205298,182411,180711,160313,129126,119692,120342,142462,168859,147802,137200,130421,118516,122760,159672,146776,142402,131380,128870
"Columbus, GA-AL",,,,,,,,,,,,,,,,,,,,,,,,,,,,
"Columbus, OH",639907,545502,580573,667119,700016,741381,847019,783461,754845,671978,603381,749123,723650,707660,734974,774808,830105,896444,913984,861513,772006,683011,698416,873767,849824,886478,888463,874527
"Concord, CA",70078,88135,122033,133569,133184,138837,155394,123691,116354,105070,111654,139388,146269,145382,157091,159031,217803,263681,255837,232960,214944,202515,219670,273362,244608,268405,208790,202114
"Conroe-The Woodlands, TX",2029,2760,4857,8217,8833,10971,14163,13199,12491,12965,9474,18835,19056,21496,25949,28754,23871,20816,22943,23665,23746,17328,21612,38760,33520,32336,36326,34804
"Corpus Christi, TX",168750,197479,210688,196881,203185,202638,218687,195451,195007,194082,148801,211657,193192,183430,194099,196297,205368,212654,223323,211542,207948,196743,190616,222080,218436,232562,233724,234851
"Corvallis, OR",,,,,,,,,,,,,,,,,,,,,,,,,,,,
"Cumberland, MD-WV-PA",,,,,,,,,,,,,,,,,,,,,,,,,,,,
"Dallas-Fort Worth-Arlington, TX",2850122,3082839,3182739,3190364,3177658,3199341,3392650,3183172,3168771,3074876,2321173,3503637,3351150,3387799,3572812,3666705,3754134,3899953,4447152,3700593,3761768,3487376,2792293,4006907,4067639,4219085,4192533,3972933
"Danbury, CT-NY",18046,26761,29439,33046,32658,36236,36858,34204,30877,28599,24216,33922,35319,35012,36396,36654,37164,37983,39608,37858,37779,28880,32627,40196,40483,43405,48363,48746
"Danville, IL-IN",,,,,,,,,,,,,,,,,,,,,,,,,,,,
"Daphne-Fairhope, AL",1467,1885,3066,3416,4634,4363,5163,4022,4332,4568,4745,6778,6384,6583,6793,6530,6592,7539,7626,6925,7311,7048,7276,8397,7737,8160,8277,8066
"Davenport, IA-IL",112525,116105,148925,157775,156877,148899,151142,130969,128506,123668,118795,148301,152578,146304,155208,166360,177336,167635,165720,156493,159260,141095,148235,161190,157132,162180,150175,30358
"Davis, CA",9631,11672,17064,19679,21080,27578,36384,29610,22290,27003,27386,29757,35471,38167,36016,34938,36950,174471,303453,234470,88033,69471,211757,190988,274999,248678,116899,
"Dayton, OH",371031,412894,494468,501532,497805,490748,494681,435920,423182,406045,370617,491856,484028,472191,474920,444011,474955,489143,479158,432406,419331,371466,349988,415777,407434,423575,446526,467140
"Decatur, AL",1144,3527,7317,9368,6618,7556,7744,7303,7369,7878,9822,10932,10969,10085,11068,9036,8295,8766,,,,,,,,,,
"Decatur, IL",49589,53604,63754,71711,74565,73457,77198,66710,68490,60924,56678,70358,66434,63899,65789,67300,72920,77302,78531,75101,76927,67454,59846,80225,81559,82765,83074,73798
"DeKalb, IL",12851,13444,16411,15799,18759,33374,32431,28240,23817,28794,25490,34288,30314,21604,22721,23108,41934,82183,78378,70100,37216,44540,73679,56679,63271,40125,26315,
"Delano, CA",,,,,,,,,,,,,,,,,,,,,,,,,,,,
"Denton-Lewisville, TX",31400,27822,40022,44356,52894,80842,85152,65585,44111,74513,62209,89935,78809,54302,59265,60932,134129,255434,237706,207471,109309,164199,181651,200236,203426,143167,140110,126492
"Denver-Aurora, CO",2887269,3096180,3478931,3404577,3471221,3433697,3555803,3060644,3054156,3062506,2831365,3422386,3530324,3729163,4131952,4469108,4654355,5012475,4987356,4537921,4481974,4246730,4099294,4852710,4938244,5050137,5502649,5191191
"Des Moines, IA",139165,134622,161758,150287,154685,151465,160625,142377,136483,138016,137112,189566,190524,182304,173024,173991,329136,231981,224570,203933,190616,171509,185918,210011,218358,233864,200392,
"Detroit, MI",544004,849894,960918,959110,1097223,1123388,973746,1002750,801177,969670,833135,1139070,1132776,1125916,1106288,1147698,976093,1158335,1224447,1106484,1182372,893686,1037763,1106945,463725,495329,501204,17562
"Dothan, AL",,,,,,,,,,,,,,,,,,,,,,,,,,,,
"Dover-Rochester, NH-ME",770,6242,13512,17474,17615,19157,20094,17480,18547,17894,17157,21944,21149,20268,21982,22384,23022,21435,22343,20961,23123,18296,19157,24502,23645,22132,22118,20737
"Dubuque, IA-IL",,,,,,,,,,,,,,,,,,,,,,,,,,,,
"Duluth, MN-WI",95942,111171,143851,154310,160502,158049,138214,102492,109370,100504,94497,119235,114926,110025,122576,124493,121927,142165,141557,151186,141318,134082,137253,161489,157306,154409,162878,154105
"Durham, NC",369478,331144,409694,496194,574970,555012,660436,578264,585254,608175,575555,667705,677071,662720,694102,697500,991144,1082634,872744,853685,691402,713764,819001,863351,819260,762253,765894,122719
"East Stroudsburg, PA-NJ",7795,8749,12241,15664,15428,15911,16938,13734,11998,12253,10321,17443,17060,20750,23893,26079,26558,24115,20706,19363,20307,18817,19382,25433,25363,21749,24234,22341
"Eau Claire, WI",18413,20432,26064,31022,29991,40565,39150,30175,25460,23023,39514,44789,40480,30320,27301,27726,27747,46916,52221,52342,46601,27735,63482,59701,59262,48812,31016,30090
"El Centro-Calexico, CA",14785,16162,17315,16435,16898,20708,24518,21521,21928,19032,19758,24530,25582,25081,26048,28036,32233,37375,44304,46149,50204,45710,48184,62301,46085,47009,43527,
"El Paso, TX-NM",205739,217313,258543,249020,368036,326312,339762,274475,285047,248436,286970,327889,340899,328832,307615,365378,418576,465038,446744,439626,416895,394746,416634,446338,488153,474075,443409,415372
"Elizabethtown-Radcliff, KY",3724,3801,5252,5722,5850,5756,6216,5280,5246,5713,4665,7822,7549,7301,7705,7715,7940,7920,7597,7956,7856,6751,7266,9759,8539,8936,8853,8131
"Elkhart, IN-MI",22842,26119,33993,33230,42263,38138,41926,33060,34666,34757,28176,34962,33307,29080,28907,30672,31241,25209,28730,27393,27881,22841,23225,30908,27516,30302,34203,27942
"Elmira, NY",,,,,,,,,,,,,,,,,,,,,,,,,,,,
"Erie, PA",43328,46556,60945,80304,70223,76731,76447,63416,59625,55684,56307,74731,82002,77830,73427,89585,110899,98319,97777,88405,89621,79134,88010,106979,92507,96816,94486,99412
"Eugene, OR",237049,258158,328768,353343,367903,335826,411834,345580,348869,342165,318040,376933,377692,349516,361932,373563,360565,398246,481863,441496,388736,444661,428909,485284,496794,513461,474438,459176
"Evansville, IN-KY",32092,36208,45530,47175,50953,57620,61083,53052,56801,55817,49730,65793,61723,54206,54934,54542,62822,64938,69123,65600,62776,57431,57682,68479,66492,63186,67261,64099
"Fairbanks, AK",,,,,,,,,,,,,,,,,,,,,,,,,,,,
"Fairfield, CA",8364,9115,11366,21396,22493,24953,27683,23743,24682,22441,25050,29518,31482,29392,27574,26691,29949,33411,34011,30715,30048,29568,29239,37585,28148,28625,26919,24190
"Fargo, ND-MN",44057,47507,52473,59045,65370,79458,78065,63569,66936,104820,107863,129669,95409,80168,78737,82702,92480,117970,118241,108622,92882,91526,98956,114993,31424,29976,31292,30471
"Fayetteville, NC",118948,126726,141166,146147,149476,150800,164381,145269,143764,135751,127342,140742,133804,137772,137440,140539,140497,146523,151831,140290,146885,145812,145541,156789,148798,156919,168229,168710
"Fayetteville-Springdale-Rogers, AR-MO",,,,,,,,,,,,,,,,,,,,,,,,,,,,
"Flagstaff, AZ",57484,64448,72315,73585,90962,110311,106846,72741,60562,66794,72504,78316,78866,62853,65323,67716,105375,152788,146941,122657,84190,109585,113215,127626,130528,85258,72737,67820
"Flint, MI",29717,60105,148195,159196,163148,167957,185411,164137,160151,162299,157677,195458,165732,157550,157132,158285,167482,202348,218303,209747,202785,190588,189194,246529,226913,231819,213623,188874
"Florence, AL",639,946,2538,2629,3371,4202,4330,3408,3186,3117,2602,3574,4172,3916,4558,5689,5143,6259,6566,5701,5592,4960,6077,6899,6571,6520,4988,4197
"Florence, SC",,,,,,,,,,,,,,,,,,,,,,,,,,,,
"Fond du Lac, WI",,,,,,,,,,,,,,,,,,,,,,,,,,,,
"Fort Collins, CO",68158,55983,70731,75147,93034,118311,122969,106977,86409,92758,114411,127326,106626,93387,98709,96943,139294,206425,194962,160740,125626,122961,180319,181869,180054,127525,104808,98311
"Fort Smith, AR-OK",,,,,,,,,,,,,,,,,,,,,,,,,,,,
"Fort Walton Beach-Navarre-Wright, FL",5552,6907,9031,9624,8240,6757,8896,7555,7341,5946,5919,8322,8355,8888,8821,8700,7887,7301,7762,7735,7781,7654,7855,9281,9268,9157,9485,8352
"Fort Wayne, IN",57105,55721,83863,89291,88819,91005,97397,81938,81637,78926,74019,94055,91885,86917,107560,121994,124611,127069,139210,136952,103509,89452,85013,108961,101297,102251,104738,96858
"Frederick, MD",16012,17327,25099,31815,32389,33636,38181,32267,31381,29870,28575,38539,38614,38393,39610,39513,42380,41135,40712,42009,41677,35285,39190,46029,44214,45258,44314,47355
"Fredericksburg, VA",,,,,,,,,,,,,,,,,,,,,,,,,,,,
"Fresno, CA",385318,421760,447924,451473,427658,443645,474445,441954,434888,413677,393293,527153,556535,564470,572065,603409,652955,579542,577698,570428,538110,562815,554526,641160,592235,636262,611367,619820
"Gainesville, FL",107558,116767,149741,165059,175146,211178,225868,175459,161291,218861,245740,264033,235889,166012,173749,190800,341989,552870,481731,391810,256080,385621,441869,409751,377208,220963,230536,238142
"Gainesville, GA",,,,,,,,,,,,,,,,,,,,,,,,,,,,
"Galveston, TX",,,,,,,,,,,,,,,,,,,15531,13321,12667,11158,11498,16755,15621,16341,18743,17124
"Glens Falls, NY",,,,,,,,,,,,,,,,,,,,,,,,,,,,
"Grand Forks, ND-MN",5465,7361,10905,12315,14012,15717,17242,13076,12537,15183,17738,19969,19988,15813,15129,14252,16358,24200,23906,23751,19768,22801,23254,27218,25324,21725,17933,16506
"Grand Junction, CO",,,,,,,,,,,,,,,,,,,,,,,,,,,,
"Grand Rapids, MI",117250,135916,251340,280263,283164,365873,387638,302649,253004,289619,349604,397879,357648,288912,307433,306047,355354,533021,508517,477468,405981,443501,470943,524176,476789,407989,385864,358635
"Great Falls, MT",0,694,17907,19249,19394,22428,21151,19765,22563,21681,21520,27140,25374,23889,25728,24234,24594,26728,26417,26854,25518,24376,25120,29673,27805,27686,30452,26796
"Greeley, CO",,,,,,,,,,,,,,,,,,,,,,,,,,,,
"Green Bay, WI",13938,16996,29788,30686,31934,33723,33563,30163,30368,30215,29993,38934,40804,39461,41269,39897,43348,52181,57166,56219,54413,47909,49481,55738,57157,59938,56155,53750
"Greensboro, NC",103492,104047,151594,167483,181842,208839,235218,218693,213963,162698,153878,181997,176353,168223,174507,183491,205153,210789,218046,205768,195718,172951,202780,231960,216853,220095,224959,28290
"Greenville, SC",50528,44933,54172,54570,58769,60605,72104,62149,58561,66917,70404,77703,80918,67710,73094,77706,108796,133080,120829,109529,77826,90999,118981,116533,127612,85034,89783,84240
"Gulfport, MS",5946,18409,31420,32897,37152,33756,36488,36693,38489,40913,36523,49192,47154,48438,48539,49065,44565,46780,48663,49994,69385,45702,48801,54879,54048,56389,61317,
"Hagerstown, MD-WV-PA",,,,,,,,,,,,,,,,,,,,,,,,,,,,
"Hanford, CA",279053,327254,383382,400598,395149,387868,349875,271296,230849,213519,212189,254281,308568,364543,401145,417447,403900,403575,386592,316252,251584,253013,253436,306416,356382,419495,426282,425918
"Harrisburg, PA",66664,69730,85944,100336,95985,95876,98306,83843,78753,76110,73757,99943,98833,89486,98524,97227,101509,91648,105977,96060,96842,77857,85333,100095,97431,98589,101517,
"Harrisonburg, VA",11214,12561,13023,14303,35695,42138,60639,48478,25476,18129,60923,81569,75098,22501,18810,23338,81657,229411,168071,144401,95240,86424,157641,138343,148679,64186,22682,23193
"Hartford, CT",629214,691022,839721,938383,929618,1038516,950686,830747,790759,755739,682953,884051,880689,911232,946620,1023815,974208,940247,967200,918386,871673,720772,753836,930360,1007700,1068205,1078728,1085477
"Hickory, NC",6909,7522,10520,11534,12020,9670,13040,10058,9964,9068,9868,11535,12120,11241,11181,12486,11716,11447,10740,10539,9233,8526,9236,10984,10176,9256,11355,10901
"High Point, NC",,,,,,,,,,,,,,,,,,,,,,,,,,,,
"Holland, MI",2219,2576,4107,4673,5269,5998,6506,4941,4458,4451,4389,12977,13863,13741,15499,15514,16422,17137,18738,18872,17902,16932,19675,23706,20507,18019,18930,17114
"Houma, LA",,,,,,,,,,,,,,,,,,,,,,,,,,,,
"Houston, TX",3176708,3570492,4003635,3867635,3637394,3567797,4043479,3649326,3610577,3557187,2764690,3856453,3721061,3710393,3898691,4018568,4272563,4163442,4628194,4401943,4356436,4121962,4098318,5291420,4808976,5018105,4995753,4933220
"Huntington, WV-KY-OH",37915,44513,54336,53943,52844,54246,57615,49610,50468,48337,44777,60994,58370,52554,54329,56058,56293,54493,57800,54474,55369,48181,53007,61129,58430,56411,60810,59704
"Huntsville, AL",31828,33138,41874,43328,42723,44386,48229,41789,44012,40215,38254,47448,47305,45098,48257,49062,50348,49833,50801,46211,48064,35116,44535,54324,54473,54450,57691,56715
"Idaho Falls, ID",,,,,,,,,,,,,,,,,,,,,,,,,,,,
"Indianapolis, IN",299050,356000,446122,482257,483066,494694,494808,434517,416236,406222,365709,462419,441489,426720,437209,455924,484327,471682,476187,449474,441000,406162,390033,483739,475708,510298,525506,492548
"Indio-Cathedral City, CA",135186,155325,177515,177313,170348,173091,192641,175316,166485,159781,164109,188122,186777,173108,160143,156309,171990,184829,198033,187544,183616,184743,184340,224908,206850,221557,194086,188095
"Iowa City, IA",64562,72021,109476,117712,156036,191057,207862,152888,130049,146367,217204,239519,222586,171312,164519,161710,279998,373029,359248,322033,247229,268752,383783,353948,375940,238202,181458,6345
"Ithaca, NY",19273,25243,39009,45256,58590,93843,114080,94865,50040,52827,112931,134445,135695,122447,75686,86991,194270,360527,343105,305620,186697,100286,264575,355590,274938,241542,116122,102494
"Jackson, MI",16507,13540,21940,25213,24287,24566,25688,21304,20247,21195,21461,27517,26016,24172,24452,24410,25170,25297,25070,24235,25570,23498,23524,28236,27276,26066,27909,25533
"Jackson, MS",31243,32172,38202,39712,40279,39972,45847,43037,43510,47733,26421,42312,42286,38727,41869,40361,41943,45318,50708,36073,36301,29083,27879,32657,32438,32561,34567,33341
"Jackson, TN",19628,22339,26075,35763,26147,26677,30953,26490,29097,26194,22437,30079,29449,24796,25334,22479,22616,25100,23498,25222,23845,18908,21186,24363,23457,21882,22647,22050
"Jacksonville, FL",358987,431630,462808,485078,480796,488613,531197,493025,500022,462671,433332,503729,527721,509213,490279,491562,496289,482517,515267,487150,489732,452232,456621,516062,513504,535222,525223,495910
"Janesville, WI",,,,,,,,,,,,,,,,,,,,,,,,,,,,
"Jefferson City, MO",,,,,,,,,,,,,,,,,,,,,,,,,,,,
"Johnson City, TN",5098,5751,7723,7731,7883,8044,8852,7753,7527,6944,8042,10159,9459,9581,10970,10679,11335,10705,10551,10015,10118,8502,10297,13475,11771,11755,11670,
"Johnstown, PA",46300,53633,74052,77823,76770,79192,80231,55642,51441,48301,49513,62360,57901,53403,57990,60705,60071,58438,58866,57520,59527,51140,54155,64181,60172,61525,65388,
"Jonesboro, AR",,,,,,,,,,,,,,,,,,,,,,,,,,,,
"Kahului, HI",46930,51309,60118,63456,63822,63030,69429,71375,79236,78271,74462,91400,100890,107061,115521,117574,81544,102999,106320,106188,107303,108245,106006,122452,118208,121491,118064,
"Kalamazoo, MI",8441,24655,98752,120551,132909,145643,123850,111277,104254,117226,129642,148462,129230,117493,123577,119974,98366,124371,122808,127912,108082,112948,115698,130670,128073,118598,123574,117528
"Kankakee, IL",30993,31069,36371,44975,46028,46119,49392,41524,42000,38629,34954,45295,43859,41975,43648,37714,37183,36545,38122,36597,36248,33572,32077,39323,43275,40011,41807,41767
"Kansas City, MO-KS",652129,645924,782331,799926,902601,892834,934467,848743,836350,743098,676828,894685,841786,863183,911867,984651,1003061,1006372,994755,912794,928924,817551,770010,981240,1007476,1034768,1123794,240202
"Kennewick-Pasco, WA",78155,81730,92551,98288,106020,110523,129372,109101,110883,112066,111372,147871,143744,148038,147162,145628,148537,185607,201123,160211,145680,138333,154184,190141,175230,189246,203144,187290
"Kenosha, WI-IL",20480,21881,28315,31946,22266,84592,124718,99379,20783,77113,106264,137644,97404,116424,56192,30733,25933,131322,120779,119327,103269,108689,111207,140191,101628,135680,58819,30259
"Killeen, TX",20233,20006,21825,22338,22777,24643,26155,24448,33943,10847,20488,19218,26140,24131,22454,22061,22382,25908,26375,25056,34904,11684,23367,22550,28385,27770,29786,27996
"Kingsport, TN-VA",,,,,,,,,,,,,,,,,,,,,,,,,,,,
"Knoxville, TN",136736,154636,180475,191817,206077,220611,241104,209660,199093,184926,152969,180236,174625,163505,169501,176366,182193,181743,183372,171023,168767,152765,166914,195872,195896,195140,202525,8457
"Kokomo, IN",13351,14903,19345,19945,20825,21593,22498,18515,18525,16147,16346,21377,19476,18270,19938,19085,20431,19644,19113,19175,19482,17519,18925,23073,20883,22006,23806,20437
"La Crosse, WI-MN",21380,25640,40649,44647,43624,45307,47853,45964,46967,44741,44875,54933,47603,35740,39522,35685,41195,43744,46158,44841,45680,41432,53402,61503,59437,51809,51441,43233
"Lafayette, IN",51560,57061,79697,82442,121967,172003,166311,126895,83366,130980,161228,184901,172973,112768,109391,108215,241174,380810,349433,322778,224850,325423,337208,337224,355940,168737,151226,149819
"Lafayette, LA",40969,53987,66640,61108,50074,54775,55736,69285,69582,64649,61997,74514,71890,64595,64234,61164,57622,58460,61415,2378,2316,2155,2421,2531,2432,2461,,
"Lake Tahoe, CA-NV",7245,9948,15203,19680,21267,20456,21016,19035,20935,20734,20160,23574,22273,22874,25439,26691,23408,11090,19117,19277,23175,28911,21340,25704,20094,21777,28992,26591
"Lakeland, FL",30670,42847,52162,40139,40627,43295,47753,46315,52549,48454,50161,59101,57552,50847,54435,52509,55600,55724,57298,53962,54708,51101,53617,61301,60022,59152,60582,56824
"Lancaster, PA",158906,179024,232570,268944,252846,245976,263620,230726,217558,212203,191390,285829,289313,282774,306224,259257,271141,267314,276269,257753,261280,215599,232664,276620,266695,277125,302140,289488
"Lancaster-Palmdale, CA",49673,62485,87213,83836,77980,73535,86402,80134,76676,69463,74320,85636,89090,80854,79254,77131,92735,93517,106089,103573,95374,94672,95364,111074,115887,115173,73633,
"Lansing, MI",26970,99168,192394,200411,208847,213502,231057,203017,196594,196159,193090,240341,218694,209429,216363,225497,270957,629446,589201,576608,428302,262604,395620,510957,550554,331968,304228,284719
"Laredo, TX",59348,78676,93204,94094,76608,77774,84101,79176,80471,75082,65673,89871,89596,89454,90707,89978,99107,105774,112295,125732,134725,106646,114231,137579,136107,138467,133474,128981
"Las Cruces, NM",6334,5991,7731,7960,7301,7658,7562,7153,6284,6844,6462,7511,7597,7667,7737,7890,8826,8996,9390,9505,8635,9269,8497,10311,9533,10047,10293,10290
"Las Vegas-Henderson, NV",2346420,2640052,2515188,2485413,2549650,2604284,3091053,2825597,2751465,2749711,2645365,3062589,3156333,3213356,3207595,3278492,3452717,3380329,3683752,3524927,3353152,3189752,3180776,3545181,3648905,3880016,3735589,3780788
"Lawrence, KS",23176,25151,31397,31084,51464,84665,80478,63174,31582,33207,80154,92664,85533,48921,40402,40485,128179,259883,216776,207598,116179,147285,205882,185896,197135,94628,54088,52389
"Lawton, OK",,,,,,,,,,,,,,,,,,,,,,,,,,,,
"Lebanon, PA",9514,11032,14013,17933,18277,18467,18273,15664,15431,15261,13589,18415,18271,17136,18134,18545,18595,18225,18934,18700,19746,16660,17493,20035,18990,19333,21045,20034
"Leesburg-Eustis-Tavares, FL",18763,20939,22736,22534,21406,22244,24193,20736,22276,20120,19968,23497,22418,20458,18944,16764,18450,18958,19372,20633,22253,19828,19779,23029,23058,22499,22443,22130
"Leominster-Fitchburg, MA",28646,31755,37107,39632,40949,48674,53024,43496,42275,39214,36292,49092,47618,48055,51430,56208,54565,65829,66057,59774,61457,53698,56013,73033,70851,71485,69801,69235
"Lewiston, ME",952,1124,1466,1993,1948,2476,2922,3456,12240,19603,18646,14738,6269,3353,3723,3683,3678,4040,4567,6116,19986,17111,22306,18286,8369,5144,5428,5111
"Lexington-Fayette, KY",136502,144213,169666,185165,223374,245519,258518,222085,189721,196326,192866,237296,226091,190916,181744,185879,230150,287185,275579,260780,212276,228020,252788,274940,270316,215621,207398,205755
"Lima, OH",,,,,,,,,,,,,,,,,,,,,,,,,,,,
"Lincoln, NE",34270,62709,75755,97230,123622,163051,167125,140659,141310,110835,149663,174858,157005,141568,146749,136328,136772,227718,232062,202157,181178,212540,189542,208974,207106,178263,165969,150477
"Little Rock, AR",112881,106347,114234,102843,101332,105181,113330,104346,106651,101067,70973,115662,109173,103728,116517,118939,123033,124517,130200,127877,127153,117333,102251,144337,134383,142069,150748,143782
"Lodi, CA",,,,,,,,,,,,,,,,,,,,,,,,,,,,
"Logan, UT",23527,22810,30662,34245,46970,70102,78364,56081,45951,56622,61747,73980,62746,55844,46377,40711,56035,76631,78564,69497,56639,68393,73267,83859,74516,70358,62595,56884
"Lompoc, CA",,,,,,,,,,,,,,,,,,,,,,,,,,,,
"Longview, WA-OR",11948,12416,15600,16454,16218,16126,18284,14634,15750,12410,12053,17673,18100,16502,17145,18243,16784,16664,17207,16348,16262,15828,16628,20211,18816,19180,20399,
"Lorain-Elyria, OH",,,,,,,,,,,,,,,,,,,,,,,,,,,,
"Los Angeles-Long Beach-Anaheim, CA",13195575,16075520,19379128,21324306,21313791,21729539,23299245,21704658,21294971,18722623,19203328,22458675,23395759,24264281,25489151,27307387,29095851,30258753,31480023,30598329,28701142,26157820,26466701,31278357,30215380,30748691,29819531,28376556
"Louisville/Jefferson County, KY-IN",285552,311973,351636,404637,405907,409532,433185,387290,372501,367677,333486,436605,415559,390805,393931,410920,452543,474577,470139,450136,414392,397050,408384,493810,463626,463805,484602,4059
"Lubbock, TX",27969,31893,38798,39029,61169,101911,90195,70696,35668,67015,83909,106819,92928,41537,46954,47237,120405,234924,215678,165723,67219,136673,180667,193421,211904,84311,56170,58093
"Lynchburg, VA",36723,32830,36317,35752,22785,26643,60964,48897,36243,37853,33954,45775,43448,37392,38365,39332,39836,38201,39865,38123,37202,26775,32859,36348,40946,37009,40144,40274
"Macon, GA",,,,,,,,,,,,,,,,,,,,,,,,,,,,
"Madison, WI",112087,115099,157272,178914,181651,246535,266247,229847,216269,231375,272576,318241,304570,285494,292903,311717,360840,795541,829379,786951,668424,,,,,,,
"Manchester, NH",,,,,,,,,,,,,,,,,,,,,,,,,,,,
"Mansfield, OH",,,,,,,,,,,,,,,,,,,,,,,,,,,,
"McAllen, TX",13180,16383,20462,15405,17174,18154,20647,17409,17420,15402,12907,17755,17074,16952,18672,18619,21631,20635,20742,18302,21953,19336,21413,26813,22889,21781,22043,20456
"McKinney, TX",,,,,,,,,,,,,,,,,,,,,,,,,,,,
"Medford, OR",38488,35827,48331,56170,56538,43580,56161,46715,48002,44282,45020,53418,53795,51125,51271,51374,52859,54321,58940,56908,53265,53685,54151,62309,60180,62112,64532,61206
"Memphis, TN-MS-AR",208514,196783,201650,230104,238920,246558,263721,229516,240332,212831,149630,294445,278206,270182,281662,269824,257564,236260,214038,176384,186863,211443,207881,295812,297840,276060,277524,
"Merced, CA",26914,32860,36930,37866,30170,26308,29042,32796,30963,21522,24018,33963,34059,30037,31406,33007,39755,41248,39666,35710,31690,32776,32491,40319,37522,38954,37781,44918
"Miami, FL",3204075,3596587,4888524,5151299,5120849,5230825,5834480,5433830,6116080,5993344,5965228,7172722,6985938,7105889,6130516,6352357,6412843,6528589,7005535,6942307,7130405,6921811,6955147,7830708,7485146,7458425,7280954,7080133
"Middletown, OH",,,,,,,,,,,,,,,,,,,,,,,,,,,,
"Milwaukee, WI",1247491,1550924,1227810,1347846,1383004,1407695,1446360,1281177,1277335,1237323,1152785,1382028,1355695,1341432,1421269,1473027,1478769,1494224,1527550,1483681,1546819,1207874,1199366,1397310,1467629,1610432,1580396,1605445
"Minneapolis-St. Paul, MN-WI",2086296,1870918,2003084,2609522,2631829,2623453,2790330,2535305,2476206,2540829,2349218,2962112,2759845,2884403,2959013,3092021,3270224,4044185,4156129,3701682,3354994,2981080,3323259,3822844,3813411,3702319,3716503,3608026
"Mission Viejo-Lake Forest-San Clemente, CA",,,,,,,,,,,,,,,,,,,,,,,,,,,,
"Missoula, MT",34846,40771,59238,65228,68463,72017,75651,63174,65750,64007,65100,76827,74769,65329,76960,73604,75303,69289,70639,62377,73720,70904,67656,81389,78390,74868,75813,85730
"Mobile, AL",7699,41070,44636,44059,49269,48200,52104,52532,56291,39457,39073,41615,38152,36443,36166,36077,37478,38448,41888,40470,39806,37204,38177,41416,41840,39168,40258,
"Modesto, CA",69394,90627,124124,115290,114677,117290,111778,89095,82623,72891,74800,93590,98795,91858,97849,134963,156684,163324,171337,166221,158337,139107,150534,175521,172409,175980,167125,162935
"Monessen-California, PA",10871,12829,14209,13818,13417,12958,12889,11327,10532,11182,12569,15517,14116,11206,11770,11373,15006,20225,19753,17149,13245,12507,16055,17650,17348,13472,13517,14210
"Monroe, LA",,,,,,,,,,,,,,,,,,,,,,,,,,,,
"Monroe, MI",2978,2435,5690,13403,12981,13460,15501,12564,12345,12293,12538,17483,16729,14913,16494,16885,17275,16553,16250,15904,15365,13367,12246,17743,16319,15630,16962,15616
"Montgomery, AL",24396,25229,27372,24447,32689,26684,29210,24197,25585,24838,23650,27933,28167,29197,29225,27861,28963,25602,27339,29728,27771,25370,24928,30506,27924,28571,30270,28564
"Morgantown, WV",0,0,0,0,0,0,0,0,0,0,0,0,0,0,0,0,175835,246548,198628,158958,61014,131142,152576,129477,131098,13617,0,0
"Morristown, TN",,,,,,,,,,,,,,,,,,,,,,,,,,,,
"Mount Vernon, WA",18562,21413,25102,26466,26782,26200,26953,24028,24892,25408,25359,31148,30330,30787,31615,35218,35089,35967,36648,33779,32902,34520,34412,41006,40001,39611,41129,41827
"Muncie, IN",28131,33510,47149,49535,65433,73125,73361,62152,58051,62726,59730,73006,72383,60710,47211,47834,63654,69179,64489,66168,60299,64595,60802,71738,73309,73015,56920,51748
"Murfreesboro, TN",,,,,,,,,,,,,,,,,,,,,,,,,,,,
"Muskegon, MI",,,,,,,,,,,,,,,,,,,,,,,,,,,,
"Myrtle Beach-Socastee, SC-NC",,,,,,,,,,,,,,,,,,,,,,,,,,,,
"Napa, CA",29303,22068,26511,27560,27339,25572,26466,23684,22285,20259,22514,27772,28982,30769,32293,32738,38057,37334,36065,34291,32500,30926,33027,41444,40354,42674,41855,38403
"Nashua, NH-MA",2875,2958,8237,12666,15594,18156,19649,18741,19074,18013,17257,21866,22313,22189,23612,24368,24407,25061,25437,24550,24253,20247,21120,26253,25582,25310,27951,26240
"Nashville-Davidson, TN",294827,324443,370158,368192,377412,387617,404532,365197,351953,335843,283390,384296,417984,413046,440317,472146,521738,529849,552968,537833,519628,478617,508142,607081,600386,638814,618266,617507
"New Bedford, MA",64701,74961,98277,120288,128345,145888,155562,140437,142632,133940,127513,166389,160152,159803,158327,149650,150311,187759,188512,183833,174197,151622,153696,202038,179981,194803,182740,151889
"New Haven, CT",349636,369217,456882,506963,513047,554084,480138,391041,373882,360308,322176,401416,397717,399430,420507,432755,447369,518214,445038,427728,422260,358282,388010,466129,553170,614108,649314,664799
"New Orleans, LA",259823,586748,532421,562436,573369,896766,713916,675145,715196,691672,605265,834385,886421,947697,889882,863526,733848,338518,806943,785173,822769,668261,799800,1043127,1121337,229984,226287,227939
"New York-Newark, NY-NJ-CT",44859977,59360366,89272178,122598946,132133277,138768888,148381509,128626513,129449046,123738187,113013360,148786492,150213027,166924605,190793640,192283931,186872866,200179588,228173450,213222096,208810017,170803630,193341718,232620614,232175817,238293186,245992263,226745561
"Newark, OH",2913,3273,4012,4236,4267,4155,4474,3859,4130,4373,4181,5453,5508,5162,5544,5322,5420,5180,5103,4722,4844,4565,4373,5616,5491,5331,5129,5071
Non-UZA,,,,,,,,,,,,,,,,,,,,,,,,,,,,
"Norman, OK",,,,,,,,,,,,,,,,,,,,,,,,,,,,
"North Port-Port Charlotte, FL",2801,3222,4302,4793,4704,4959,5367,4214,4447,4219,4543,5331,5238,4865,5781,5359,5871,5589,7960,12144,4657,4503,4605,5887,4959,4898,,
"Norwich-New London, CT-RI",33590,35507,51560,61293,62672,65588,57762,49691,50701,48152,43661,57642,56555,53049,55858,58215,61299,61624,64245,62457,63297,51464,57406,68897,79608,80036,101147,102216
"Ocala, FL",,,,,,,,,,,,,,,,,,,,,,,,,,,,
"Odessa, TX",,,,,,,,,,,,,,,,,,,,,,,,,,,,
"Oklahoma City, OK",103821,126667,171420,224783,192463,170122,183716,169628,171563,161653,118157,178113,175231,183930,206915,203366,205373,196980,216039,206019,218939,179572,166868,225955,234722,231141,236483,245207
"Olympia-Lacey, WA",88895,33219,64495,131205,136395,140959,157609,133614,143425,150052,153594,187363,189023,200990,211654,238577,245154,259049,272789,255109,251871,232161,232442,268163,256593,272684,274967,289130
"Omaha, NE-IA",167094,174161,166493,155584,166644,164381,175519,155531,164879,145671,140850,190078,186791,179782,188386,192703,204881,211590,211394,201458,188178,13846,13792,16092,8636,11211,8120,
"Orlando, FL",725257,967098,1198341,1286538,1332109,1123903,1207987,1106507,1165662,1133680,1106921,1297860,1271147,1305840,1263027,1289843,1340534,1320635,1429027,1376929,1424593,1354824,1355754,1575916,1562232,1569371,1534157,1450556
"Oshkosh, WI",21579,24320,31021,33386,32622,36156,35832,33667,34356,35091,34082,44521,44407,43176,39005,52474,37407,45876,49702,49083,45867,42597,44096,52315,52558,54678,45273,58735
"Owensboro, KY",2680,3343,5059,6578,6852,7583,7830,6270,6395,6586,4432,7387,8925,8758,9280,8859,9519,9458,9264,9110,8967,7914,8014,11153,10225,10277,11031,
"Oxnard, CA",120654,141863,175235,171810,173863,173913,194773,188127,175353,156957,166099,196126,212278,197859,201652,198070,214023,224156,230803,219971,184284,190658,205773,252791,243041,247164,245604,10600
"Palm Bay-Melbourne, FL",73433,93414,107230,120635,124257,135493,138446,123825,130370,126982,123271,143751,139565,133944,135742,136297,139265,134763,144014,137660,147486,131317,131354,154167,148739,148246,154239,
"Palm Coast-Daytona Beach-Port Orange, FL",157656,193874,186493,194288,183439,188358,197504,171733,204281,183225,180030,201667,203897,197522,194114,199086,199648,196299,202300,191157,194984,178651,180276,207227,195452,196934,195476,183829
"Panama City, FL",15738,21288,27885,29658,29254,28041,32058,25871,26197,23188,23299,30219,31615,32144,38301,39366,35620,31027,30004,30100,28752,19927,22725,25238,27734,29721,34011,33252
"Parkersburg, WV-OH",,,,,,,,,,,,,,,,,,,,,,,,,,,,
"Pensacola, FL-AL",38601,45130,66653,72140,74214,59732,54284,55319,58769,52116,44527,57032,55100,56590,88066,107278,84871,58334,59599,58059,59656,53326,54500,63008,62300,63691,65906,
"Peoria, IL",119359,121606,142050,164638,173995,169161,183933,160892,159225,142666,149880,164552,144106,125065,130654,133145,141092,146576,148014,140095,137887,121930,115901,140778,137030,145979,148393,141094
"Petaluma, CA",6811,7770,10221,10758,10668,10674,12127,10375,10116,9172,8025,10029,10814,11365,11910,12716,16178,,,,,,,,,,,
"Philadelphia, PA-NJ-DE-MD",3567147,5055222,8586004,9262678,8857967,9551922,9956786,8551182,9067638,8515737,7566513,9928791,10203117,10366198,12072953,11470215,11313922,13705926,14591625,13474115,13041134,10686966,12510422,14972526,13645921,14290167,14332869,12682216
"Phoenix-Mesa, AZ",2536939,2580505,2503644,4036245,3965360,4214857,4702331,4369001,4489058,4342934,4109104,4501329,4575458,4471629,4045519,2206357,2422418,2538429,2924327,2933120,2777297,2721711,2770491,3133470,3050020,2959967,2647719,1273403
"Pittsburgh, PA",1461245,1820866,2131154,1943267,1959271,2016449,2105475,1828356,1654466,1603039,1632398,2070417,2131568,2089593,2231149,2340203,2603056,3056382,3079335,2774024,2561032,2387411,2542877,3150005,2967932,2864861,2916952,2744528
"Pittsfield, MA",16120,17624,23247,27571,30337,28550,30836,25415,26458,23734,24269,30833,32016,30101,32024,33637,30794,36848,35340,30492,33896,28616,28242,37374,38172,37033,40897,39561
"Pocatello, ID",,,,,,,,,,,,,,,,,,,,,,,,,,,,
"Port Arthur, TX",,,,,,,,,,,,,,,,,,,,,,,,,,,,
"Port Huron, MI",9506,10324,20454,46012,49384,53714,59047,47293,47087,46192,44331,57122,51398,48710,57712,56100,59938,59010,66513,61185,56878,54817,54656,73170,67973,68261,76076,73628
"Port St. Lucie, FL",41335,44937,51002,8101,7910,6883,50418,46136,51455,46628,43901,50716,47348,44758,46060,46052,45102,46329,49915,47532,49606,48075,48334,56371,53938,53282,56016,54199
"Porterville, CA",,,,,,,,,,,,,,,,,,,,,,,,,,,,
"Portland, ME",51081,66033,85496,165883,203968,189445,150268,112339,100217,95352,87843,114421,128533,170193,227384,290382,292396,259519,227604,178554,157387,58391,61694,68664,71473,99265,139511,206910
"Portland, OR-WA",2959179,3102835,3486114,3852952,4134443,3573362,3967248,3501038,3576650,3424490,3119483,3930657,3980508,4042759,4073219,4480368,4457740,4549122,4864476,4506300,4501477,4309122,4220813,5007425,4905725,5191313,5301986,5266121
"Portsmouth, NH-ME",,,,,,,,,,,,,,,,,,,,,,,,,,,,
"Pottstown, PA",3170,4507,10779,11245,10971,10037,10858,9244,8772,10420,10285,15127,16575,10171,10408,9874,9687,9419,10695,10229,11659,11315,14360,14054,11766,10605,11924,10647
"Poughkeepsie-Newburgh, NY-NJ",8950,10481,32861,52786,50790,52674,57300,52958,53292,47179,39704,54639,64852,62446,66303,68212,73270,76001,79084,72039,72352,59446,64062,82905,83095,81909,83916,79549
"Providence, RI-MA",425200,518342,641333,732561,726617,762068,729729,652329,598530,599377,565396,761117,746592,763476,799633,775141,690764,936223,943403,892672,856229,674504,736097,971791,919263,968706,948307,840342
"Pueblo, CO",26932,30244,36294,38791,42128,36199,37779,34877,32143,35139,35276,40898,40492,36036,37464,38601,42243,45685,40364,39337,38373,37148,35801,42171,42897,43051,44995,3305
"Racine, WI",44602,45282,56184,63300,63739,59980,45502,38038,41839,40899,38173,47523,44759,40894,41619,42051,43304,45535,46504,43292,43962,38783,43673,48448,44512,47007,46632,43804
"Raleigh, NC",241623,246357,290854,328079,418642,366151,379421,345909,349808,376498,359931,419707,395758,374822,372424,392264,650316,703143,655352,636107,440211,526238,631820,631841,678562,495410,457235,405536
"Rapid City, SD",,,,,,,,,,,,,,,,,,,,,,,,,,,,
"Reading, PA",,,,,,,,,,,,,,,,,,,,,,,,,,,,
"Redding, CA",25127,31144,36908,32136,29852,30083,33061,26728,29851,26036,26679,31744,31375,26888,24330,29840,29190,29078,29723,28649,29900,27744,29810,33412,31052,30907,30739,27922
"Reno, NV-CA",333970,363721,452014,487087,491485,496582,514241,463580,476386,457292,427151,484878,483616,494588,536464,511764,285216,401954,189322,227832,310400,344162,347548,424774,413028,447969,485233,484494
"Richmond, VA",544321,544938,589525,648542,650278,705978,731826,663531,586818,587267,536510,689218,670505,661520,678528,721373,733638,755534,788800,734867,707935,598490,629760,582602,702517,722837,788482,800337
"Riverside-San Bernardino, CA",551227,653954,646485,646084,626498,617613,668935,574926,550962,508039,524111,601418,637069,623004,640234,648988,739550,766065,811639,762415,697507,699145,726369,894447,907579,932532,844461,781259
"Roanoke, VA",91003,82603,103737,92170,93318,94678,104385,88576,93486,87499,79705,92432,92863,87330,90630,95664,93968,94318,96353,94847,96234,81098,88493,102065,97836,95437,98165,96113
"Rochester, MN",12311,18777,38890,46022,49691,58741,66302,62292,59521,59938,58896,65984,64178,58114,63335,61399,62550,65993,68246,70140,68367,66561,66090,80515,73992,70993,75523,71107
"Rochester, NY",619787,633184,702189,698984,638526,643248,656454,588910,579374,551685,531389,625029,602075,572072,576494,582111,597489,690251,726180,681823,675872,605864,620098,777648,,,,
"Rockford, IL",55256,41591,53939,65380,72868,78512,74887,63558,66721,62149,56773,70316,74799,68800,73365,72784,74906,73742,75671,73106,71059,69225,71479,82705,77131,80724,86820,68997
"Rome, GA",4597,6036,7259,8075,6828,8346,8551,7197,7268,6681,6843,7837,8081,7419,8435,7809,8704,8355,9410,9318,10021,10037,11258,13186,11380,13238,13580,13910
"Sacramento, CA",603812,633966,731141,774036,726500,749757,804032,689885,699764,666186,665015,781781,821720,805207,823190,842251,884859,1003545,1057591,1002127,986910,1000263,1026492,1155790,1068765,1177302,1076884,915860
"Saginaw, MI",2394,2882,4197,7450,6337,16447,24189,23626,6971,7483,7351,22374,21200,21866,21574,25055,28272,39857,42108,41603,40317,39970,42363,53607,51931,55501,42591,
"Salem, OR",32480,60827,95989,119259,140873,133193,170411,136005,152057,140860,132507,181937,181429,177865,190157,172459,165888,173417,182194,170170,165620,175366,175844,211072,199726,212363,214792,200924
"Salisbury, MD-DE",6168,8206,13459,16097,15550,15493,13983,10024,9365,8918,9287,11867,13098,14253,15920,16338,16090,19288,16986,14816,13786,9231,13208,15885,16802,17311,18458,17232
"Salt Lake City-West Valley City, UT",1157961,1206640,1420727,1389611,1547501,1772916,1765089,1478511,1631690,1600749,1606430,1901886,1787523,1762895,1850323,1921425,2190894,2491843,2366263,2345503,2146560,2160808,2582906,2707084,2485689,2502014,2709336,2384076
"San Angelo, TX",13249,15896,18786,19629,20462,21818,19133,16764,16794,17428,12563,19466,17870,16756,17006,17716,17769,18341,18573,17910,18418,15953,15879,19537,20042,18047,20244,18765
"San Antonio, TX",1844678,2106627,1945017,1948547,1983719,1989830,2142688,1972978,1939953,1958725,1506183,2130710,2041618,1989483,2027938,2061554,2161236,2171563,2148180,2040307,2018345,1753029,1823736,2103399,2165499,2176750,2078052,2093205
"San Diego, CA",2550759,2895152,3448188,3584643,3595545,3674517,4051271,3530644,3364758,3138109,3211823,3805946,4032537,4165850,4378842,4647774,4864483,5551319,5325161,5228274,4949374,4765928,5030193,6012444,6019310,6290005,5823648,6248380
"San Francisco-Oakland, CA",5050755,5992212,7187248,8153310,8172519,8386992,9133429,8464273,8195517,7841893,8242738,9851407,10164506,11114468,12436134,12639601,13945209,15423318,16060529,15214079,14490851,13297531,14014319,17338936,17417330,18241177,17843804,15183332
"San Jose, CA",769649,792991,900487,960615,921970,938610,1041152,956493,925038,865764,963997,1207964,1115648,1127123,1053257,1063546,1197495,1365287,1498053,1487545,1403002,1414112,1436496,1704450,1655446,1819311,1742123,1716629
"San Juan, PR",13233,23835,110470,564485,441971,449972,482182,622221,668837,619167,657740,795463,738973,784528,854697,710624,783446,802810,792719,764509,826619,680993,732353,890382,812963,840667,848962,266937
"San Luis Obispo, CA",37337,43451,47694,50914,53466,57563,64224,53208,47961,50147,53844,65387,68676,69668,69608,63948,70600,99257,119925,99541,72722,94134,94182,100154,104174,107668,56902,52651
"San Marcos, TX",4229,2376,3282,3825,42135,111959,87499,70151,24873,37370,69075,89623,101169,26642,16603,14736,153700,375146,333823,243255,76615,36352,250202,225692,234550,55472,43168,
"Santa Barbara, CA",114879,129445,161088,173851,183310,187264,207851,189522,181513,168097,183114,219682,239693,229187,215505,230248,258824,337336,444494,383467,273448,277215,367525,391896,417948,399270,295250,301155
"Santa Clarita, CA",74293,88120,104860,112715,115505,111487,137964,129218,108683,116335,116753,134572,137399,147623,140042,160432,117223,129157,180353,167756,185223,175842,182074,218695,182354,170285,168967,
"Santa Cruz, CA",37988,42522,54018,62426,59614,65978,83836,74071,66526,62714,70278,84817,100546,104843,110465,119519,135143,232941,322080,264608,156791,191955,282808,282519,334653,323834,5746,156778
"Santa Fe, NM",,,,30848,28729,26218,27433,20590,21604,21110,19967,27025,28666,29377,23813,33004,33581,23384,35788,27542,26379,23897,22249,28442,28529,29307,31443,
"Santa Maria, CA",10302,15081,18431,18729,20446,20830,22198,19935,18491,17239,19216,21068,20314,21354,21694,20894,36267,42421,41387,36295,25511,21622,28554,36270,30301,37659,30091,23997
"Santa Rosa, CA",67382,64932,97431,92247,91309,102934,119633,101185,110073,99142,93894,112345,113382,114916,129284,126025,144526,161064,164281,157154,149151,140375,149661,177366,176989,185032,187214,181918
"Sarasota-Bradenton, FL",144654,173123,226329,238240,243783,252063,300147,260018,266490,267539,265096,344166,312235,284605,280570,244245,229227,232114,264373,262071,275831,263645,278538,327385,322431,295803,294669,286588
"Savannah, GA",60248,64227,106169,144241,139790,148193,170987,147322,135544,113582,110210,154832,159991,164940,186056,183564,173049,155728,166623,160633,176766,151194,157762,178498,196858,193133,197382,191555
"Scranton, PA",69780,75328,102621,116018,112574,120339,126646,109640,100120,98364,79104,117088,119142,115170,114447,116878,119367,119450,126966,116498,117014,96836,104393,129810,125373,130908,137218,64599
"Seaside-Monterey, CA",59707,76129,99051,102869,110230,112564,119980,108025,100327,91431,98813,115364,125981,134381,142198,180473,189513,169316,163264,151936,127690,129364,136314,154809,156664,162579,150069,190049
"Seattle, WA",4971023,5429004,6340189,7121980,7272749,7037281,6977024,6017043,6180311,5985835,5588645,7074471,7337344,7791706,8471707,9736373,9515267,9340989,10384061,9529671,8646150,8211766,8460716,10381461,10575168,11142220,11614183,11965312
"Sebastian-Vero Beach South-Florida Ridge, FL",59261,68393,84816,78155,93818,108637,101769,95840,108922,93804,93454,89248,94645,105757,96229,100561,93577,89099,107052,103220,107795,95518,97028,106295,101172,101470,98262,108666
"Sheboygan, WI",,,,,,,,,,,,,,,,,,,,,,,,,,,,
"Sherman, TX",3024,2634,3142,3121,3134,3282,3538,3321,3987,2948,2124,3373,2992,2891,3022,3147,3317,2937,2909,2662,2422,2417,1815,2912,2669,2965,3198,2953
"Shreveport, LA",56698,58152,80719,79507,70291,82706,110155,103276,102681,93191,73578,115993,110672,97566,105978,104796,108295,108810,113951,115586,120077,146723,151377,175806,183798,186234,224490,209114
"Simi Valley, CA",,,,,,,,,,,,,,,,,,,,,,,,,,,,
"Sioux City, IA-NE-SD",25392,26266,32684,34229,33904,45770,52066,45543,45753,40589,44838,56584,52940,51243,38289,43707,43811,57311,56902,55411,49646,51379,51029,62893,54988,56568,42750,46815
"Sioux Falls, SD",21058,16325,27835,34955,37348,42629,44482,32742,32803,31757,32282,39742,38307,36745,40010,38711,36602,37200,37626,36420,35140,33576,32655,39645,36305,36163,37202,33560
"South Bend, IN-MI",41316,41123,51291,62843,68430,69926,80097,70861,69028,67483,67716,88568,85021,76095,73082,73058,86464,93306,94566,95900,87893,81675,82660,101330,103008,95135,91660,88143
"South Lyon-Howell, MI",,,,,,,,,,,,,,,,,,,,,,,,,,,,
"Spartanburg, SC",4219,4531,6155,6461,6923,7075,6989,6235,6511,6135,6368,7221,6880,7571,7810,7749,7406,7107,6906,6752,6562,5849,6342,7366,6796,6707,6606,5670
"Spokane, WA",336487,397066,479837,416056,407470,415338,449477,385243,393088,399209,383248,472646,460181,447824,452861,454195,460404,499800,541122,507874,481270,480501,497537,588490,564231,582622,568804,534970
"Spring Hill, FL",,,,,,,,,,,,,,,,,,,,,,,,,,,,
"Springfield, IL",52914,52754,68761,83455,94744,97264,102541,88378,88729,80888,77439,90448,80118,73965,79182,79267,92006,96017,81598,90936,86112,75684,67296,90893,89119,90583,90449,
"Springfield, MA-CT",224349,255276,305404,356434,321901,343129,344151,294658,286831,279455,289720,379440,390710,361726,346471,352144,386758,683882,679770,570741,479892,373054,547784,642085,641957,467561,403067,
"Springfield, MO",28617,35053,56263,62217,63222,65062,66853,59300,62599,61461,53806,66508,62282,68849,68526,70736,71992,74808,75053,75669,75636,66580,58474,78224,74996,77893,82359,79937
"Springfield, OH",,,,,,,,,,,,,,,,,,,,,,,,,,,,
"St. Augustine, FL",,,,,,,,,,,,,,,,,,,,,,,,,,,,
"St. Cloud, MN",32117,35593,44265,53858,64681,67198,70561,65304,65273,57434,55546,69616,67813,63705,65557,64408,69865,71727,63473,58125,55352,53044,55144,65737,60487,59517,62515,61993
"St. Joseph, MO-KS",,,,,,,,,,,,,,,,,,,,,,,,,,,,
"St. Louis, MO-IL",1458788,1513292,1457585,1549280,1575676,1620096,1683161,1517572,1482417,1419146,1245317,1586898,1580542,1558640,1603964,1625506,1702175,1772665,1752174,1620998,1554727,1406019,1346567,1672782,1710268,1765193,1791790,99247
"State College, PA",13533,14579,24953,33782,45276,79219,82919,66526,28300,34791,63734,106141,102206,54443,50662,54652,206391,508937,474564,354556,210471,377014,466639,390223,450055,107910,95784,9833
"Stockton, CA",117791,124674,141317,143030,150535,163247,173659,158045,160514,153585,156741,187014,187615,187303,192818,200391,240850,242080,235623,231323,217602,229346,229588,273878,260507,268755,254347,218770
"Sumter, SC",6714,6912,7393,7315,6505,6906,9043,7701,8765,7829,8070,9670,9683,8244,8980,7380,6921,6873,6802,6626,6589,5931,6306,7908,7260,8504,8362,
"Syracuse, NY",186792,179003,208834,256092,292885,364472,355193,287736,238742,228139,292309,362007,353135,305697,265172,268545,399124,519180,446312,511716,466887,421701,502139,591367,531512,487604,424404,277049
"Tallahassee, FL",29221,40481,48397,49123,49046,43169,110598,86494,74372,91601,76325,85955,80530,79159,105056,111644,124392,170296,132413,125077,122378,131172,133177,147124,147932,138766,143018,136415
"Tampa-St. Petersburg, FL",949566,1107385,1295862,1345601,1371224,1424268,1673228,1671980,1707175,1712195,1680752,1962207,1901085,1870556,1742884,1627781,1625925,1482406,1605550,1569634,1656232,1607859,1626522,1991661,1965454,2007782,1782131,1722065
"Terre Haute, IN",6494,8003,8450,9681,12164,13603,14102,10080,9726,9699,9773,12814,12426,9438,9504,9418,10839,12272,12223,10570,10055,9691,8740,11762,11280,9693,10153,8806
"Texarkana-Texarkana, TX-AR",,,,,,,,,,,,,,,,,,,,,,,,,,,,
"Texas City, TX",,,,,,,,,,,,,,,,,,,,,,,,,,,,
"Thousand Oaks, CA",,,,,,,,,,,,,,,,,,,,,,,,,,,,
"Toledo, OH-MI",46462,52220,74765,74153,87085,92177,84074,90445,88592,86442,77662,102352,91243,92045,93968,139536,148408,179446,193306,186714,186743,161732,170115,213788,212264,222260,204137,195329
"Topeka, KS",53477,62929,76442,69125,73435,77252,85673,73564,74596,71179,46197,60015,58061,54758,59586,56782,61751,57895,67389,66526,67071,49256,58414,54606,54465,58254,64849,
"Tucson, AZ",758161,810644,839270,834595,837963,838315,1020218,971883,999863,916503,947832,1098661,1100621,1055845,1033902,1179758,1385133,1273821,1254523,1223456,1093502,1158895,1159594,1301115,1287061,1271476,1173387,1155969
"Tulsa, OK",106310,126963,130768,130707,127028,124107,122046,107426,107278,100982,78422,122574,115131,104295,111238,117050,123641,120228,122284,121024,122282,106515,97994,127793,126404,179216,210314,170899
"Turlock, CA",4544,6385,10965,11359,11535,12603,12011,8718,8786,7742,8522,8358,10759,11160,11076,13799,12434,12944,12196,11137,9957,12567,12854,17606,15479,16299,14194,
"Tuscaloosa, AL",,,,,,,,,,,,,,,,,,,,,,,,,,,,
"Uniontown-Connellsville, PA",7550,9098,12150,13341,12387,12069,12641,10862,9803,9958,9441,12062,11677,11560,13430,14017,13217,12878,13713,12971,13464,10892,11813,15538,15108,15860,16571,14594
"Urban Honolulu, HI",1834747,1858423,1881067,2249526,2066901,1933086,2223664,2148612,2398183,2369290,2244036,2597120,2707236,2872130,2904791,2935215,3046209,2875025,2942005,2924973,2870187,2877730,2825942,3201222,3148556,3154617,2946575,3026269
"Utica, NY",,,,,,,,,,,,,,,,,,,,,,,,,,,,
"Vacaville, CA",,,,,,,,,,,,,,,,,,,,,,,,,,,,
"Vallejo, CA",35313,37630,38710,38061,35017,34494,39391,32754,32506,29134,30449,36452,37834,36959,39329,41155,45121,46910,48662,44137,41640,39184,44717,54126,53185,58527,55376,51849
"Victoria, TX",11313,16514,23995,23542,23712,23032,25520,22213,21600,16915,12502,20374,20927,21714,23500,23700,27441,28395,28664,27411,27032,26654,25501,30461,30229,32226,34277,35141
"Victorville-Hesperia, CA",69704,63719,93589,95549,93767,92685,99184,83172,79337,73419,78091,90537,93618,89076,91117,97536,99171,99963,95473,89884,82182,79436,73985,90331,85433,88953,90245,84384
"Villas, NJ",,,,,,,,,,11969,10844,23594,44322,59669,83508,119168,114820,79730,56448,36486,29102,14569,19100,27734,50856,56571,84682,131608
"Vineland, NJ",,,,,,,,,,,,,,,,,,,,,,,,,,,,
"Virgin Islands, VI",,,,,,,,,,,,,,,,,,,,,,,,,,,,
"Virginia Beach, VA",349592,408320,513818,572451,552199,573823,608336,527830,508028,490791,459006,555749,552800,528330,562272,597558,571935,564970,543876,500180,500942,404548,460273,535462,544850,562062,645444,632809
"Visalia, CA",45393,60942,74552,74424,70604,71074,77314,68897,69001,63609,48120,56241,59181,54652,56151,58985,67987,70987,70273,65163,59787,62497,63619,74079,69295,50910,47556,42796
"Waco, TX",18355,21210,25110,23894,34251,55159,54889,42061,29551,42801,38110,57914,50025,29274,29991,33309,55057,88267,92765,72676,48422,51360,67955,67056,64246,44634,39971,39970
"Waldorf, MD",27099,28776,34325,36313,35308,37033,40337,34385,35059,34707,29662,40093,39474,37343,39970,40635,38597,38982,40518,31885,37947,24690,33289,39754,39487,38056,42022,40883
"Washington, DC-VA-MD",3908665,4192590,6347309,7159427,7563647,9474967,10160025,9159375,8975902,7810164,7579185,9641071,10283416,11031149,13059347,14520426,14396438,16011637,16672406,15116734,14773932,11225169,12854221,17640171,17111048,17719411,18111703,16932665
"Waterbury, CT",88440,100539,120574,140425,153088,156474,138320,112694,107969,105518,93629,120206,116863,113176,121830,125188,126492,123071,122811,117775,116052,91098,97831,117984,145190,155675,175542,180116
"Waterloo, IA",,,,,,,,,,,,,,,,,,,,,,,,,,,,
"Wausau, WI",,,,,,,,,,,,,,,,,,,,,,,,,,,,
"Wenatchee, WA",36202,41145,51808,60850,63701,61409,67404,54484,61441,60136,59301,69835,68272,66133,70203,72678,73168,71950,74274,67614,70310,62358,69820,86168,79765,83892,91506,79433
"Westminster-Eldersburg, MD",,,,,,,,,,,,,,,,,,,,,,,,,,,,
"Wheeling, WV-OH",19776,23699,25190,24929,22542,23492,25469,20572,22147,20434,18906,24202,24178,21655,22417,23067,23057,22751,22723,21185,23411,19096,19628,23614,23344,23659,25265,23988
"Wichita, KS",44145,50239,62994,60500,63777,65847,68298,54748,56003,51903,51186,68381,69261,61742,62715,63269,84705,87701,86296,80006,75377,72431,70443,88313,88606,80188,74266,84281
"Williamsburg, VA",38004,40393,48670,54531,49539,47758,51143,46493,46029,42895,44528,55509,55795,58668,57403,56730,54204,58323,56802,53013,52251,47662,53523,64687,60998,61783,67431,66678
"Williamsport, PA",29838,37499,59509,57124,53879,54878,59044,50957,46486,51574,47061,58647,56684,51932,55617,55478,56999,54864,57321,56455,58223,50204,53473,64122,62075,59423,65173,
"Wilmington, NC",37541,39674,43815,46343,45221,53786,56616,47842,46788,43735,46192,54797,51805,45680,46499,45611,59191,66811,66626,63683,50900,51858,69690,68833,65862,52774,49064,46334
"Winchester, VA",,,,,,,,,,,,,,,,,,,,,,,,,,,,
"Winston-Salem, NC",110179,132185,152189,157471,166368,170802,197857,181038,183721,136314,127021,147324,135742,131583,135057,133680,138869,134681,138210,129385,132663,102627,121182,140320,130191,137387,141628,135299
"Winter Haven, FL",,,,,,,,,,,,,,,,,,,,,,,,,,,,
"Worcester, MA-CT",84283,97099,103341,164935,182685,192957,197066,175806,182396,168126,159759,211287,206960,217681,234784,254631,252545,262025,274129,265767,262635,215206,202900,288616,284635,315752,330556,324859
"Yakima, WA",40657,37684,38118,38821,39362,40402,43990,35892,33650,32384,32643,44760,43818,43112,40617,39692,42883,52020,56230,45921,46782,33896,34053,46480,40923,45139,40950,
"York, PA",59648,67137,95672,106530,108470,111922,116677,101128,89288,88945,83830,110225,104227,100604,109733,112482,117061,116160,124089,117221,115737,100308,105849,124800,119864,130414,,
"Youngstown, OH-PA",15621,27189,78150,81581,68427,81956,79948,69846,68068,69996,64598,82454,79502,68893,82183,83521,81698,86607,84691,89185,69463,89543,91754,103110,101364,104922,111844,110339
"Yuba City, CA",28281,33004,37763,30228,27772,28724,31494,26557,27836,23183,25176,30490,32877,30634,32920,32687,37344,38442,38581,36053,36451,32780,32933,44683,42543,40795,40303,33262
"Yuma, AZ-CA",15582,16265,17604,17038,19391,23779,27832,25197,26749,21184,22245,27537,30557,28648,23011,21749,25860,28597,29920,30730,28494,29282,30077,36089,33278,32493,27293,24522
Grand Total,158454438,187589852,243199850,293705450,305612719,318024315,338342104,298161977,296589340,283324669,266294867,338853750,342900254,364576795,400464403,410294357,415646817,451508329,488274904,455863934,437256869,374743718,410066478,494985269,486689000,496758330,501584562,457075696
