UZAName,"Florence, AL","Dover-Rochester, NH-ME","Lewiston, ME","Decatur, AL","Daphne-Fairhope, AL","Boulder, CO","Atlantic City, NJ","Conroe-The Woodlands, TX","Holland, MI","Saginaw, MI","Bay City, MI","Owensboro, KY","Cedar Rapids, IA","North Port-Port Charlotte, FL","Nashua, NH-MA","Newark, OH","Monroe, MI","Sherman, TX","Pottstown, PA","Elizabethtown-Radcliff, KY","Spartanburg, SC","San Marcos, TX","Turlock, CA","Rome, GA","Johnson City, TN","Grand Forks, ND-MN","Fort Walton Beach-Navarre-Wright, FL","Gulfport, MS","Salisbury, MD-DE","Las Cruces, NM","Terre Haute, IN","Sumter, SC","Petaluma, CA","Charlottesville, VA","Hickory, NC","Lake Tahoe, CA-NV","Uniontown-Connellsville, PA","Mobile, AL","East Stroudsburg, PA-NJ","Fairfield, CA","Kalamazoo, MI","Poughkeepsie-Newburgh, NY-NJ","Port Huron, MI","Lebanon, PA","Davis, CA","College Station-Bryan, TX","Santa Maria, CA","Blacksburg, VA","Monessen-California, PA","Harrisonburg, VA","Victoria, TX","Longview, WA-OR","Rochester, MN","DeKalb, IL","Bend, OR","McAllen, TX","San Juan, PR","San Angelo, TX","Kokomo, IN","State College, PA","Green Bay, WI","El Centro-Calexico, CA","Yuma, AZ-CA","Youngstown, OH-PA","Panama City, FL","Frederick, MD","Pittsfield, MA","Jackson, MI","Billings, MT","Danbury, CT-NY","Waco, TX","Altoona, PA","Eau Claire, WI","Mount Vernon, WA","Columbia, MO","Leesburg-Eustis-Tavares, FL","Ithaca, NY","Jackson, TN","Carbondale, IL","Wheeling, WV-OH","Killeen, TX","Kenosha, WI-IL","Sioux Falls, SD","Beaumont, TX","La Crosse, WI-MN","Chico, CA","Oshkosh, WI","Elkhart, IN-MI","Ames, IA","Lawrence, KS","Logan, UT","Montgomery, AL","Redding, CA","Sioux City, IA-NE-SD","Brownsville, TX","Merced, CA","Pueblo, CO","Lansing, MI","Waldorf, MD","Albany, GA","Lubbock, TX","Muncie, IN","Yuba City, CA","Appleton, WI","Springfield, MO","Leominster-Fitchburg, MA","Tallahassee, FL","Napa, CA","Flint, MI","Williamsport, PA","Lakeland, FL","Kankakee, IL","Bonita Springs, FL","Jackson, MS","Denton-Lewisville, TX","Huntsville, AL","Evansville, IN-KY","St. Cloud, MN","Bloomington, IN","Salem, OR","Norwich-New London, CT-RI","Augusta-Richmond County, GA-SC","Lincoln, NE","Missoula, MT","Vallejo, CA","Wenatchee, WA","Lynchburg, VA","San Luis Obispo, CA","Wilmington, NC","Huntington, WV-KY-OH","Santa Cruz, CA","Williamsburg, VA","Medford, OR","Pensacola, FL-AL","Asheville, NC","Yakima, WA","Lafayette, LA","South Bend, IN-MI","Port St. Lucie, FL","Erie, PA","Fargo, ND-MN","Wichita, KS","Racine, WI","Visalia, CA","Johnstown, PA","Toledo, OH-MI","Kahului, HI","Decatur, IL","Lancaster-Palmdale, CA","Greenville, SC","Portland, ME","Lafayette, IN","Springfield, IL","Topeka, KS","Anchorage, AK","Rockford, IL","Shreveport, LA","Barnstable Town, MA","Fort Wayne, IN","Flagstaff, AZ","Binghamton, NY-PA","Sebastian-Vero Beach South-Florida Ridge, FL","Laredo, TX","York, PA","Seaside-Monterey, CA","Savannah, GA","Cape Coral, FL","Charleston, WV","Iowa City, IA","New Bedford, MA","Charleston-North Charleston, SC","Harrisburg, PA","Antioch, CA","Santa Rosa, CA","Fort Collins, CO","Burlington, VT","Modesto, CA","Victorville-Hesperia, CA","Scranton, PA","Concord, CA","Chattanooga, TN-GA","Palm Bay-Melbourne, FL","Athens-Clarke County, GA","Santa Clarita, CA","Bellingham, WA","Kennewick-Pasco, WA","Canton, OH","Boise City, ID","Baton Rouge, LA","Worcester, MA-CT","Waterbury, CT","Bremerton, WA","Olympia-Lacey, WA","Bloomington-Normal, IL","Roanoke, VA","Duluth, MN-WI","Greensboro, NC","Oklahoma City, OK","Tulsa, OK","Gainesville, FL","Ann Arbor, MI","Winston-Salem, NC","Madison, WI","Davenport, IA-IL","Little Rock, AR","Santa Barbara, CA","Grand Rapids, MI","Stockton, CA","Fayetteville, NC","Peoria, IL","Oxnard, CA","Birmingham, AL","Columbia, SC","Indio-Cathedral City, CA","Lexington-Fayette, KY","Colorado Springs, CO","Knoxville, TN","Des Moines, IA","Sarasota-Bradenton, FL","Allentown, PA-NJ","Palm Coast-Daytona Beach-Port Orange, FL","Lancaster, PA","Omaha, NE-IA","Corpus Christi, TX","Champaign, IL","Syracuse, NY","Bakersfield, CA","El Paso, TX-NM","Memphis, TN-MS-AR","Akron, OH","Springfield, MA-CT","Eugene, OR","Raleigh, NC","Bridgeport-Stamford, CT-NY","New Orleans, LA","Hanford, CA","Louisville/Jefferson County, KY-IN","Nashville-Davidson, TN","Indianapolis, IN","Albuquerque, NM","Reno, NV-CA","Spokane, WA","Virginia Beach, VA","New Haven, CT","Jacksonville, FL","Durham, NC","Dayton, OH","Fresno, CA","Providence, RI-MA","Cincinnati, OH-KY-IN","Detroit, MI","Richmond, VA","Riverside-San Bernardino, CA","Albany-Schenectady, NY","Sacramento, CA","Rochester, NY","Hartford, CT","Columbus, OH","Kansas City, MO-KS","Charlotte, NC-SC","Orlando, FL","Tucson, AZ","San Jose, CA","Buffalo, NY","Cleveland, OH","Tampa-St. Petersburg, FL","Austin, TX","Salt Lake City-West Valley City, UT","Milwaukee, WI","St. Louis, MO-IL","Pittsburgh, PA","Urban Honolulu, HI","San Antonio, TX","Minneapolis-St. Paul, MN-WI","Las Vegas-Henderson, NV","Phoenix-Mesa, AZ","San Diego, CA","Baltimore, MD","Dallas-Fort Worth-Arlington, TX","Denver-Aurora, CO","Portland, OR-WA","Houston, TX","Miami, FL","Atlanta, GA","Philadelphia, PA-NJ-DE-MD","Washington, DC-VA-MD","Boston, MA-NH-RI","Seattle, WA","San Francisco-Oakland, CA","Chicago, IL-IN","Los Angeles-Long Beach-Anaheim, CA","New York-Newark, NY-NJ-CT"
20-Apr,639,770,952,1144,1467,1683,1990,2029,2219,2394,2571,2680,2797,2801,2875,2913,2978,3024,3170,3724,4219,4229,4544,4597,5098,5465,5552,5946,6168,6334,6494,6714,6811,6889,6909,7245,7550,7699,7795,8364,8441,8950,9506,9514,9631,9737,10302,10622,10871,11214,11313,11948,12311,12851,13005,13180,13233,13249,13351,13533,13938,14785,15582,15621,15738,16012,16120,16507,17501,18046,18355,18379,18413,18562,18694,18763,19273,19628,19714,19776,20233,20480,21058,21131,21380,21530,21579,22842,23143,23176,23527,24396,25127,25392,26708,26914,26932,26970,27099,27403,27969,28131,28281,28285,28617,28646,29221,29303,29717,29838,30670,30993,31007,31243,31400,31828,32092,32117,32327,32480,33590,34164,34270,34846,35313,36202,36723,37337,37541,37915,37988,38004,38488,38601,40108,40657,40969,41316,41335,43328,44057,44145,44602,45393,46300,46462,46930,49589,49673,50528,51081,51560,52914,53477,53780,55256,56698,56917,57105,57484,57708,59261,59348,59648,59707,60248,61902,62802,64562,64701,66085,66664,66778,67382,68158,68274,69394,69704,69780,70078,71524,73433,73917,74293,74943,78155,78585,81356,83928,84283,88440,88676,88895,89550,91003,95942,103492,103821,106310,107558,109400,110179,112087,112525,112881,114879,117250,117791,118948,119359,120654,123363,125611,135186,136502,136531,136736,139165,144654,150063,157656,158906,167094,168750,169727,186792,201479,205739,208514,222006,224349,237049,241623,255047,259823,279053,285552,294827,299050,321759,333970,336487,349592,349636,358987,369478,371031,385318,425200,465584,544004,544321,551227,575380,603812,619787,629214,639907,652129,689312,725257,758161,769649,886586,931808,949566,1077383,1157961,1247491,1458788,1461245,1834747,1844678,2086296,2346420,2536939,2550759,2825429,2850122,2887269,2959179,3176708,3204075,3424950,3567147,3908665,4413091,4971023,5050755,9074074,13195575,44859977
20-May,946,6242,1124,3527,1885,2387,2456,2760,2576,2882,2885,3343,12983,3222,2958,3273,2435,2634,4507,3801,4531,2376,6385,6036,5751,7361,6907,18409,8206,5991,8003,6912,7770,7349,7522,9948,9098,41070,8749,9115,24655,10481,10324,11032,11672,13697,15081,11499,12829,12561,16514,12416,18777,13444,9546,16383,23835,15896,14903,14579,16996,16162,16265,27189,21288,17327,17624,13540,20578,26761,21210,21598,20432,21413,18385,20939,25243,22339,21108,23699,20006,21881,16325,22717,25640,28458,24320,26119,26614,25151,22810,25229,31144,26266,42596,32860,30244,99168,28776,29017,31893,33510,33004,31188,35053,31755,40481,22068,60105,37499,42847,31069,41169,32172,27822,33138,36208,35593,34798,60827,35507,50214,62709,40771,37630,41145,32830,43451,39674,44513,42522,40393,35827,45130,91821,37684,53987,41123,44937,46556,47507,50239,45282,60942,53633,52220,51309,53604,62485,44933,66033,57061,52754,62929,16863,41591,58152,145608,55721,64448,58220,68393,78676,67137,76129,64227,80068,71872,72021,74961,81680,69730,66002,64932,55983,72587,90627,63719,75328,88135,80252,93414,95697,88120,82376,81730,72443,85990,94171,97099,100539,97880,33219,91443,82603,111171,104047,126667,126963,116767,104743,132185,115099,116105,106347,129445,135916,124674,126726,121606,141863,131204,125680,155325,144213,134276,154636,134622,173123,184232,193874,179024,174161,197479,168484,179003,213902,217313,196783,203535,255276,258158,246357,296925,586748,327254,311973,324443,356000,312922,363721,397066,408320,369217,431630,331144,412894,421760,518342,491657,849894,544938,653954,728474,633966,633184,691022,545502,645924,720384,967098,810644,792991,969121,1060681,1107385,1230158,1206640,1550924,1513292,1820866,1858423,2106627,1870918,2640052,2580505,2895152,2872969,3082839,3096180,3102835,3570492,3596587,3478677,5055222,4192590,5186039,5429004,5992212,10182691,16075520,59360366
20-Jun,2538,13512,1466,7317,3066,3036,2431,4857,4107,4197,3553,5059,39641,4302,8237,4012,5690,3142,10779,5252,6155,3282,10965,7259,7723,10905,9031,31420,13459,7731,8450,7393,10221,8648,10520,15203,12150,44636,12241,11366,98752,32861,20454,14013,17064,17152,18431,15229,14209,13023,23995,15600,38890,16411,19989,20462,110470,18786,19345,24953,29788,17315,17604,78150,27885,25099,23247,21940,20376,29439,25110,26387,26064,25102,31725,22736,39009,26075,26285,25190,21825,28315,27835,24679,40649,29139,31021,33993,32959,31397,30662,27372,36908,32684,45595,36930,36294,192394,34325,39574,38798,47149,37763,44036,56263,37107,48397,26511,148195,59509,52162,36371,48164,38202,40022,41874,45530,44265,48390,95989,51560,56118,75755,59238,38710,51808,36317,47694,43815,54336,54018,48670,48331,66653,110252,38118,66640,51291,51002,60945,52473,62994,56184,74552,74052,74765,60118,63754,87213,54172,85496,79697,68761,76442,137226,53939,80719,327565,83863,72315,65734,84816,93204,95672,99051,106169,129527,91669,109476,98277,115524,85944,74365,97431,70731,97810,124124,93589,102621,122033,99316,107230,112113,104860,94479,92551,105327,95421,107249,103341,120574,129668,64495,114384,103737,143851,151594,171420,130768,149741,140853,152189,157272,148925,114234,161088,251340,141317,141166,142050,175235,160709,147741,177515,169666,148067,180475,161758,226329,233366,186493,232570,166493,210688,201092,208834,221514,258543,201650,222161,305404,328768,290854,428839,532421,383382,351636,370158,446122,345066,452014,479837,513818,456882,462808,409694,494468,447924,641333,603697,960918,589525,646485,870604,731141,702189,839721,580573,782331,853262,1198341,839270,900487,1166309,1193287,1295862,1210496,1420727,1227810,1457585,2131154,1881067,1945017,2003084,2515188,2503644,3448188,3335236,3182739,3478931,3486114,4003635,4888524,4031942,8586004,6347309,7315829,6340189,7187248,11799943,19379128,89272178
20-Jul,2629,17474,1993,9368,3416,6096,2887,8217,4673,7450,5096,6578,42689,4793,12666,4236,13403,3121,11245,5722,6461,3825,11359,8075,7731,12315,9624,32897,16097,7960,9681,7315,10758,12546,11534,19680,13341,44059,15664,21396,120551,52786,46012,17933,19679,17255,18729,18308,13818,14303,23542,16454,46022,15799,24601,15405,564485,19629,19945,33782,30686,16435,17038,81581,29658,31815,27571,25213,20241,33046,23894,25375,31022,26466,34828,22534,45256,35763,27321,24929,22338,31946,34955,25664,44647,31026,33386,33230,32514,31084,34245,24447,32136,34229,38636,37866,38791,200411,36313,42439,39029,49535,30228,44932,62217,39632,49123,27560,159196,57124,40139,44975,51142,39712,44356,43328,47175,53858,51041,119259,61293,58827,97230,65228,38061,60850,35752,50914,46343,53943,62426,54531,56170,72140,119517,38821,61108,62843,8101,80304,59045,60500,63300,74424,77823,74153,63456,71711,83836,54570,165883,82442,83455,69125,170584,65380,79507,584971,89291,73585,66412,78155,94094,106530,102869,144241,146801,83514,117712,120288,125945,100336,77793,92247,75147,103185,115290,95549,116018,133569,141369,120635,43956,112715,101157,98288,106772,102464,105539,164935,140425,147128,131205,121920,92170,154310,167483,224783,130707,165059,167463,157471,178914,157775,102843,173851,280263,143030,146147,164638,171810,169777,163534,177313,185165,155775,191817,150287,238240,248050,194288,268944,155584,196881,225884,256092,242341,249020,230104,231375,356434,353343,328079,487666,562436,400598,404637,368192,482257,380114,487087,416056,572451,506963,485078,496194,501532,451473,732561,666320,959110,648542,646084,1032740,774036,698984,938383,667119,799926,783498,1286538,834595,960615,1008464,1254400,1345601,1183879,1389611,1347846,1549280,1943267,2249526,1948547,2609522,2485413,4036245,3584643,3904313,3190364,3404577,3852952,3867635,5151299,4321527,9262678,7159427,9215649,7121980,8153310,14826027,21324306,122598946
20-Aug,3371,17615,1948,6618,4634,6153,2775,8833,5269,6337,8959,6852,31784,4704,15594,4267,12981,3134,10971,5850,6923,42135,11535,6828,7883,14012,8240,37152,15550,7301,12164,6505,10668,11829,12020,21267,12387,49269,15428,22493,132909,50790,49384,18277,21080,17568,20446,53046,13417,35695,23712,16218,49691,18759,22608,17174,441971,20462,20825,45276,31934,16898,19391,68427,29254,32389,30337,24287,19791,32658,34251,24696,29991,26782,37525,21406,58590,26147,32137,22542,22777,22266,37348,23076,43624,29327,32622,42263,188703,51464,46970,32689,29852,33904,40536,30170,42128,208847,35308,45188,61169,65433,27772,43956,63222,40949,49046,27339,163148,53879,40627,46028,49203,40279,52894,42723,50953,64681,65559,140873,62672,63665,123622,68463,35017,63701,22785,53466,45221,52844,59614,49539,56538,74214,119901,39362,50074,68430,7910,70223,65370,63777,63739,70604,76770,87085,63822,74565,77980,58769,203968,121967,94744,73435,159580,72868,70291,651410,88819,90962,76156,93818,76608,108470,110230,139790,156580,81693,156036,128345,133463,95985,75794,91309,93034,108576,114677,93767,112574,133184,133665,124257,111823,115505,106113,106020,107163,93976,119299,182685,153088,146573,136395,140403,93318,160502,181842,192463,127028,175146,227958,166368,181651,156877,101332,183310,283164,150535,149476,173995,173863,186364,178730,170348,223374,159083,206077,154685,243783,247987,183439,252846,166644,203185,266366,292885,232688,368036,238920,240618,321901,367903,418642,517746,573369,395149,405907,377412,483066,343849,491485,407470,552199,513047,480796,574970,497805,427658,726617,661081,1097223,650278,626498,993323,726500,638526,929618,700016,902601,762205,1332109,837963,921970,1006318,1249339,1371224,1256042,1547501,1383004,1575676,1959271,2066901,1983719,2631829,2549650,3965360,3595545,4022735,3177658,3471221,4134443,3637394,5120849,4503605,8857967,7563647,9628630,7272749,8172519,14748330,21313791,132133277
20-Sep,4202,19157,2476,7556,4363,6275,3356,10971,5998,16447,5689,7583,47622,4959,18156,4155,13460,3282,10037,5756,7075,111959,12603,8346,8044,15717,6757,33756,15493,7658,13603,6906,10674,12209,9670,20456,12069,48200,15911,24953,145643,52674,53714,18467,27578,19508,20830,100303,12958,42138,23032,16126,58741,33374,22773,18154,449972,21818,21593,79219,33723,20708,23779,81956,28041,33636,28550,24566,27943,36236,55159,30346,40565,26200,40977,22244,93843,26677,40187,23492,24643,84592,42629,27807,45307,27657,36156,38138,236608,84665,70102,26684,30083,45770,41808,26308,36199,213502,37033,46185,101911,73125,28724,47490,65062,48674,43169,25572,167957,54878,43295,46119,47802,39972,80842,44386,57620,67198,90371,133193,65588,57431,163051,72017,34494,61409,26643,57563,53786,54246,65978,47758,43580,59732,143740,40402,54775,69926,6883,76731,79458,65847,59980,71074,79192,92177,63030,73457,73535,60605,189445,172003,97264,77252,155445,78512,82706,477305,91005,110311,83849,108637,77774,111922,112564,148193,128554,84280,191057,145888,154477,95876,77801,102934,118311,132916,117290,92685,120339,138837,124115,135493,161182,111487,106138,110523,108702,98548,142449,192957,156474,135403,140959,137108,94678,158049,208839,170122,124107,211178,296601,170802,246535,148899,105181,187264,365873,163247,150800,169161,173913,183832,188954,173091,245519,176232,220611,151465,252063,250897,188358,245976,164381,202638,296693,364472,254143,326312,246558,262951,343129,335826,366151,558928,896766,387868,409532,387617,494694,360051,496582,415338,573823,554084,488613,555012,490748,443645,762068,705893,1123388,705978,617613,904524,749757,643248,1038516,741381,892834,750422,1123903,838315,938610,1031785,1290342,1424268,1318599,1772916,1407695,1620096,2016449,1933086,1989830,2623453,2604284,4214857,3674517,3919645,3199341,3433697,3573362,3567797,5230825,4037643,9551922,9474967,10516271,7037281,8386992,15168774,21729539,138768888
20-Oct,4330,20094,2922,7744,5163,6790,3334,14163,6506,24189,11263,7830,55213,5367,19649,4474,15501,3538,10858,6216,6989,87499,12011,8551,8852,17242,8896,36488,13983,7562,14102,9043,12127,13256,13040,21016,12641,52104,16938,27683,123850,57300,59047,18273,36384,20927,22198,102601,12889,60639,25520,18284,66302,32431,26134,20647,482182,19133,22498,82919,33563,24518,27832,79948,32058,38181,30836,25688,26597,36858,54889,33649,39150,26953,33738,24193,114080,30953,43857,25469,26155,124718,44482,29995,47853,33747,35832,41926,236142,80478,78364,29210,33061,52066,48101,29042,37779,231057,40337,54652,90195,73361,31494,47628,66853,53024,110598,26466,185411,59044,47753,49392,53619,45847,85152,48229,61083,70561,90797,170411,57762,58469,167125,75651,39391,67404,60964,64224,56616,57615,83836,51143,56161,54284,151229,43990,55736,80097,50418,76447,78065,68298,45502,77314,80231,84074,69429,77198,86402,72104,150268,166311,102541,85673,156386,74887,110155,346158,97397,106846,77499,101769,84101,116677,119980,170987,140772,86462,207862,155562,169400,98306,80739,119633,122969,140018,111778,99184,126646,155394,140479,138446,156726,137964,125066,129372,112813,98860,143374,197066,138320,139994,157609,143133,104385,138214,235218,183716,122046,225868,283510,197857,266247,151142,113330,207851,387638,173659,164381,183933,194773,191776,207911,192641,258518,175886,241104,160625,300147,262665,197504,263620,175519,218687,343572,355193,252255,339762,263721,281726,344151,411834,379421,544963,713916,349875,433185,404532,494808,389576,514241,449477,608336,480138,531197,660436,494681,474445,729729,754397,973746,731826,668935,909182,804032,656454,950686,847019,934467,834861,1207987,1020218,1041152,1033447,1331999,1673228,1425508,1765089,1446360,1683161,2105475,2223664,2142688,2790330,3091053,4702331,4051271,4176757,3392650,3555803,3967248,4043479,5834480,4144977,9956786,10160025,10822024,6977024,9133429,15702966,23299245,148381509
20-Nov,3408,17480,3456,7303,4022,6165,2855,13199,4941,23626,7362,6270,46258,4214,18741,3859,12564,3321,9244,5280,6235,70151,8718,7197,7753,13076,7555,36693,10024,7153,10080,7701,10375,11780,10058,19035,10862,52532,13734,23743,111277,52958,47293,15664,29610,18588,19935,73384,11327,48478,22213,14634,62292,28240,21608,17409,622221,16764,18515,66526,30163,21521,25197,69846,25871,32267,25415,21304,25148,34204,42061,26150,30175,24028,34576,20736,94865,26490,34813,20572,24448,99379,32742,28478,45964,28935,33667,33060,163937,63174,56081,24197,26728,45543,44682,32796,34877,203017,34385,39212,70696,62152,26557,42994,59300,43496,86494,23684,164137,50957,46315,41524,47216,43037,65585,41789,53052,65304,69715,136005,49691,65050,140659,63174,32754,54484,48897,53208,47842,49610,74071,46493,46715,55319,139586,35892,69285,70861,46136,63416,63569,54748,38038,68897,55642,90445,71375,66710,80134,62149,112339,126895,88378,73564,127576,63558,103276,227401,81938,72741,66647,95840,79176,101128,108025,147322,126509,78135,152888,140437,148360,83843,70609,101185,106977,114243,89095,83172,109640,123691,119314,123825,126459,129218,108897,109101,89485,82789,121429,175806,112694,115133,133614,128068,88576,102492,218693,169628,107426,175459,220471,181038,229847,130969,104346,189522,302649,158045,145269,160892,188127,185304,197190,175316,222085,131037,209660,142377,260018,228461,171733,230726,155531,195451,279871,287736,219237,274475,229516,246445,294658,345580,345909,454036,675145,271296,387290,365197,434517,303708,463580,385243,527830,391041,493025,578264,435920,441954,652329,668969,1002750,663531,574926,805303,689885,588910,830747,783461,848743,761577,1106507,971883,956493,871767,1171457,1671980,1325261,1478511,1281177,1517572,1828356,2148612,1972978,2535305,2825597,4369001,3530644,3584070,3183172,3060644,3501038,3649326,5433830,3838289,8551182,9159375,9750608,6017043,8464273,13000616,21704658,128626513
20-Dec,3186,18547,12240,7369,4332,6756,3355,12491,4458,6971,4089,6395,50060,4447,19074,4130,12345,3987,8772,5246,6511,24873,8786,7268,7527,12537,7341,38489,9365,6284,9726,8765,10116,11318,9964,20935,9803,56291,11998,24682,104254,53292,47087,15431,22290,21416,18491,22147,10532,25476,21600,15750,59521,23817,26299,17420,668837,16794,18525,28300,30368,21928,26749,68068,26197,31381,26458,20247,25255,30877,29551,22530,25460,24892,30798,22276,50040,29097,30208,22147,33943,20783,32803,30307,46967,28452,34356,34666,39026,31582,45951,25585,29851,45753,46105,30963,32143,196594,35059,30337,35668,58051,27836,45702,62599,42275,74372,22285,160151,46486,52549,42000,53536,43510,44111,44012,56801,65273,54290,152057,50701,66056,141310,65750,32506,61441,36243,47961,46788,50468,66526,46029,48002,58769,125262,33650,69582,69028,51455,59625,66936,56003,41839,69001,51441,88592,79236,68490,76676,58561,100217,83366,88729,74596,142361,66721,102681,196072,81637,60562,60776,108922,80471,89288,100327,135544,140520,77349,130049,142632,150401,78753,76956,110073,86409,107544,82623,79337,100120,116354,116039,130370,76880,108683,107720,110883,84339,84351,110635,182396,107969,118350,143425,115942,93486,109370,213963,171563,107278,161291,189965,183721,216269,128506,106651,181513,253004,160514,143764,159225,175353,146667,201845,166485,189721,125067,199093,136483,266490,209386,204281,217558,164879,195007,213964,238742,240955,285047,240332,238847,286831,348869,349808,423313,715196,230849,372501,351953,416236,285040,476386,393088,508028,373882,500022,585254,423182,434888,598530,628100,801177,586818,550962,765628,699764,579374,790759,754845,836350,732971,1165662,999863,925038,828036,1131591,1707175,1275590,1631690,1277335,1482417,1654466,2398183,1939953,2476206,2751465,4489058,3364758,3350953,3168771,3054156,3576650,3610577,6116080,3731392,9067638,8975902,9103726,6180311,8195517,12833384,21294971,129449046
21-Jan,3117,17894,19603,7878,4568,6527,3006,12965,4451,7483,4115,6586,45391,4219,18013,4373,12293,2948,10420,5713,6135,37370,7742,6681,6944,15183,5946,40913,8918,6844,9699,7829,9172,11500,9068,20734,9958,39457,12253,22441,117226,47179,46192,15261,27003,20356,17239,48147,11182,18129,16915,12410,59938,28794,26141,15402,619167,17428,16147,34791,30215,19032,21184,69996,23188,29870,23734,21195,26209,28599,42801,20764,23023,25408,30314,20120,52827,26194,35099,20434,10847,77113,31757,29926,44741,26337,35091,34757,115317,33207,56622,24838,26036,40589,43303,21522,35139,196159,34707,30854,67015,62726,23183,46053,61461,39214,91601,20259,162299,51574,48454,38629,54063,47733,74513,40215,55817,57434,55070,140860,48152,49560,110835,64007,29134,60136,37853,50147,43735,48337,62714,42895,44282,52116,126448,32384,64649,67483,46628,55684,104820,51903,40899,63609,48301,86442,78271,60924,69463,66917,95352,130980,80888,71179,142712,62149,93191,176371,78926,66794,57592,93804,75082,88945,91431,113582,164690,71994,146367,133940,142842,76110,59441,99142,92758,106488,72891,73419,98364,105070,109713,126982,142380,116335,109156,112066,88210,83137,104751,168126,105518,107679,150052,118809,87499,100504,162698,161653,100982,218861,214460,136314,231375,123668,101067,168097,289619,153585,135751,142666,156957,110152,205298,159781,196326,130072,184926,138016,267539,212436,183225,212203,145671,194082,252160,228139,224789,248436,212831,229603,279455,342165,376498,392948,691672,213519,367677,335843,406222,284061,457292,399209,490791,360308,462671,608175,406045,413677,599377,700118,969670,587267,508039,722760,666186,551685,755739,671978,743098,675381,1133680,916503,865764,769906,1131140,1712195,1263407,1600749,1237323,1419146,1603039,2369290,1958725,2540829,2749711,4342934,3138109,3227696,3074876,3062506,3424490,3557187,5993344,3673532,8515737,7810164,8736607,5985835,7841893,12389041,18722623,123738187
21-Feb,2602,17157,18646,9822,4745,6929,2579,9474,4389,7351,4639,4432,42811,4543,17257,4181,12538,2124,10285,4665,6368,69075,8522,6843,8042,17738,5919,36523,9287,6462,9773,8070,8025,9892,9868,20160,9441,39073,10321,25050,129642,39704,44331,13589,27386,17434,19216,90449,12569,60923,12502,12053,58896,25490,27932,12907,657740,12563,16346,63734,29993,19758,22245,64598,23299,28575,24269,21461,26301,24216,38110,20970,39514,25359,26357,19968,112931,22437,35163,18906,20488,106264,32282,26041,44875,28808,34082,28176,261304,80154,61747,23650,26679,44838,37291,24018,35276,193090,29662,29112,83909,59730,25176,43811,53806,36292,76325,22514,157677,47061,50161,34954,52523,26421,62209,38254,49730,55546,67830,132507,43661,50152,149663,65100,30449,59301,33954,53844,46192,44777,70278,44528,45020,44527,118326,32643,61997,67716,43901,56307,107863,51186,38173,48120,49513,77662,74462,56678,74320,70404,87843,161228,77439,46197,144818,56773,73578,169689,74019,72504,65509,93454,65673,83830,98813,110210,183460,69677,217204,127513,140764,73757,58197,93894,114411,109855,74800,78091,79104,111654,101819,123271,177418,116753,109250,111372,81443,78755,88371,159759,93629,106944,153594,112855,79705,94497,153878,118157,78422,245740,218802,127021,272576,118795,70973,183114,349604,156741,127342,149880,166099,98952,182411,164109,192866,122209,152969,137112,265096,169304,180030,191390,140850,148801,314288,292309,209113,286970,149630,222423,289720,318040,359931,346652,605265,212189,333486,283390,365709,283711,427151,383248,459006,322176,433332,575555,370617,393293,565396,667329,833135,536510,524111,712452,665015,531389,682953,603381,676828,639756,1106921,947832,963997,768925,1045250,1680752,965880,1606430,1152785,1245317,1632398,2244036,1506183,2349218,2645365,4109104,3211823,2817834,2321173,2831365,3119483,2764690,5965228,3571181,7566513,7579185,8477581,5588645,8242738,11965474,19203328,113013360
21-Mar,3574,21944,14738,10932,6778,8850,3436,18835,12977,22374,5718,7387,56300,5331,21866,5453,17483,3373,15127,7822,7221,89623,8358,7837,10159,19969,8322,49192,11867,7511,12814,9670,10029,13999,11535,23574,12062,41615,17443,29518,148462,54639,57122,18415,29757,28052,21068,109950,15517,81569,20374,17673,65984,34288,30434,17755,795463,19466,21377,106141,38934,24530,27537,82454,30219,38539,30833,27517,30926,33922,57914,30353,44789,31148,53040,23497,134445,30079,49720,24202,19218,137644,39742,37764,54933,34098,44521,34962,274971,92664,73980,27933,31744,56584,52778,33963,40898,240341,40093,31941,106819,73006,30490,55026,66508,49092,85955,27772,195458,58647,59101,45295,59901,42312,89935,47448,65793,69616,92723,181937,57642,43528,174858,76827,36452,69835,45775,65387,54797,60994,84817,55509,53418,57032,111886,44760,74514,88568,50716,74731,129669,68381,47523,56241,62360,102352,91400,70358,85636,77703,114421,184901,90448,60015,173671,70316,115993,222075,94055,78316,80328,89248,89871,110225,115364,154832,227583,96079,239519,166389,165899,99943,69300,112345,127326,138364,93590,90537,117088,139388,130706,143751,190546,134572,131854,147871,101221,89140,108055,211287,120206,137641,187363,145315,92432,119235,181997,178113,122574,264033,260711,147324,318241,148301,115662,219682,397879,187014,140742,164552,196126,118616,180711,188122,237296,153174,180236,189566,344166,251455,201667,285829,190078,211657,368353,362007,231125,327889,294445,280082,379440,376933,419707,475253,834385,254281,436605,384296,462419,372946,484878,472646,555749,401416,503729,667705,491856,527153,761117,953427,1139070,689218,601418,886016,781781,625029,884051,749123,894685,735290,1297860,1098661,1207964,978563,1308827,1962207,1429235,1901886,1382028,1586898,2070417,2597120,2130710,2962112,3062589,4501329,3805946,3557827,3503637,3422386,3930657,3856453,7172722,4109051,9928791,9641071,10522227,7074471,9851407,15628106,22458675,148786492
21-Apr,4172,21149,6269,10969,6384,9059,3305,19056,13863,21200,5318,8925,53416,5238,22313,5508,16729,2992,16575,7549,6880,101169,10759,8081,9459,19988,8355,47154,13098,7597,12426,9683,10814,13209,12120,22273,11677,38152,17060,31482,129230,64852,51398,18271,35471,24811,20314,103932,14116,75098,20927,18100,64178,30314,29416,17074,738973,17870,19476,102206,40804,25582,30557,79502,31615,38614,32016,26016,29600,35319,50025,31324,40480,30330,52917,22418,135695,29449,49948,24178,26140,97404,38307,31013,47603,37030,44407,33307,226701,85533,62746,28167,31375,52940,53259,34059,40492,218694,39474,29509,92928,72383,32877,56034,62282,47618,80530,28982,165732,56684,57552,43859,56240,42286,78809,47305,61723,67813,86305,181429,56555,62444,157005,74769,37834,68272,43448,68676,51805,58370,100546,55795,53795,55100,111877,43818,71890,85021,47348,82002,95409,69261,44759,59181,57901,91243,100890,66434,89090,80918,128533,172973,80118,58061,187274,74799,110672,300080,91885,78866,78864,94645,89596,104227,125981,159991,186643,91629,222586,160152,171516,98833,71142,113382,106626,132854,98795,93618,119142,146269,125294,139565,169205,137399,135196,143744,90853,80676,97313,206960,116863,139197,189023,143453,92863,114926,176353,175231,115131,235889,253408,135742,304570,152578,109173,239693,357648,187615,133804,144106,212278,120616,160313,186777,226091,160240,174625,190524,312235,240076,203897,289313,186791,193192,359951,353135,252678,340899,278206,270011,390710,377692,395758,481170,886421,308568,415559,417984,441489,377303,483616,460181,552800,397717,527721,677071,484028,556535,746592,1023434,1132776,670505,637069,890744,821720,602075,880689,723650,841786,746492,1271147,1100621,1115648,949700,1308396,1901085,1412663,1787523,1355695,1580542,2131568,2707236,2041618,2759845,3156333,4575458,4032537,3688652,3351150,3530324,3980508,3721061,6985938,4173800,10203117,10283416,11069608,7337344,10164506,15938313,23395759,150213027
21-May,3916,20268,3353,10085,6583,9148,3019,21496,13741,21866,5246,8758,46366,4865,22189,5162,14913,2891,10171,7301,7571,26642,11160,7419,9581,15813,8888,48438,14253,7667,9438,8244,11365,12027,11241,22874,11560,36443,20750,29392,117493,62446,48710,17136,38167,23696,21354,54434,11206,22501,21714,16502,58114,21604,27664,16952,784528,16756,18270,54443,39461,25081,28648,68893,32144,38393,30101,24172,26746,35012,29274,28040,30320,30787,44071,20458,122447,24796,43722,21655,24131,116424,36745,29534,35740,35216,43176,29080,74003,48921,55844,29197,26888,51243,52944,30037,36036,209429,37343,25540,41537,60710,30634,53623,68849,48055,79159,30769,157550,51932,50847,41975,55400,38727,54302,45098,54206,63705,64094,177865,53049,48695,141568,65329,36959,66133,37392,69668,45680,52554,104843,58668,51125,56590,115279,43112,64595,76095,44758,77830,80168,61742,40894,54652,53403,92045,107061,63899,80854,67710,170193,112768,73965,54758,190576,68800,97566,430134,86917,62853,70130,105757,89454,100604,134381,164940,139908,77328,171312,159803,168696,89486,69671,114916,93387,130943,91858,89076,115170,145382,145553,133944,79293,147623,130816,148038,90540,89358,94055,217681,113176,134778,200990,127640,87330,110025,168223,183930,104295,166012,222402,131583,285494,146304,103728,229187,288912,187303,137772,125065,197859,126022,129126,173108,190916,165711,163505,182304,284605,233735,197522,282774,179782,183430,288349,305697,249874,328832,270182,255775,361726,349516,374822,497867,947697,364543,390805,413046,426720,368399,494588,447824,528330,399430,509213,662720,472191,564470,763476,1021810,1125916,661520,623004,868772,805207,572072,911232,707660,863183,788227,1305840,1055845,1127123,962268,1283946,1870556,1419432,1762895,1341432,1558640,2089593,2872130,1989483,2884403,3213356,4471629,4165850,3607853,3387799,3729163,4042759,3710393,7105889,4396275,10366198,11031149,12490736,7791706,11114468,17170417,24264281,166924605
21-Jun,4558,21982,3723,11068,6793,9505,3558,25949,15499,21574,5531,9280,52852,5781,23612,5544,16494,3022,10408,7705,7810,16603,11076,8435,10970,15129,8821,48539,15920,7737,9504,8980,11910,14403,11181,25439,13430,36166,23893,27574,123577,66303,57712,18134,36016,27747,21694,34057,11770,18810,23500,17145,63335,22721,43914,18672,854697,17006,19938,50662,41269,26048,23011,82183,38301,39610,32024,24452,23036,36396,29991,25954,27301,31615,38981,18944,75686,25334,44808,22417,22454,56192,40010,17262,39522,35582,39005,28907,62805,40402,46377,29225,24330,38289,54957,31406,37464,216363,39970,26291,46954,47211,32920,52419,68526,51430,105056,32293,157132,55617,54435,43648,54015,41869,59265,48257,54934,65557,63301,190157,55858,51439,146749,76960,39329,70203,38365,69608,46499,54329,110465,57403,51271,88066,141470,40617,64234,73082,46060,73427,78737,62715,41619,56151,57990,93968,115521,65789,79254,73094,227384,109391,79182,59586,249080,73365,105978,593749,107560,65323,68786,96229,90707,109733,142198,186056,136195,85683,164519,158327,174780,98524,70792,129284,98709,121870,97849,91117,114447,157091,181831,135742,81108,140042,137101,147162,98778,83296,96645,234784,121830,149871,211654,115752,90630,122576,174507,206915,111238,173749,242086,135057,292903,155208,116517,215505,307433,192818,137440,130654,201652,131215,119692,160143,181744,197164,169501,173024,280570,232945,194114,306224,188386,194099,262333,265172,253238,307615,281662,264621,346471,361932,372424,528549,889882,401145,393931,440317,437209,399560,536464,452861,562272,420507,490279,694102,474920,572065,799633,907453,1106288,678528,640234,870455,823190,576494,946620,734974,911867,786627,1263027,1033902,1053257,997525,1325160,1742884,1503915,1850323,1421269,1603964,2231149,2904791,2027938,2959013,3207595,4045519,4378842,3682360,3572812,4131952,4073219,3898691,6130516,4493921,12072953,13059347,14242910,8471707,12436134,19280465,25489151,190793640
21-Jul,5689,22384,3683,9036,6530,9373,3262,28754,15514,25055,11737,8859,50182,5359,24368,5322,16885,3147,9874,7715,7749,14736,13799,7809,10679,14252,8700,49065,16338,7890,9418,7380,12716,14994,12486,26691,14017,36077,26079,26691,119974,68212,56100,18545,34938,23820,20894,32895,11373,23338,23700,18243,61399,23108,62235,18619,710624,17716,19085,54652,39897,28036,21749,83521,39366,39513,33637,24410,21722,36654,33309,30843,27726,35218,39802,16764,86991,22479,46741,23067,22061,30733,38711,20189,35685,35261,52474,30672,57229,40485,40711,27861,29840,43707,51055,33007,38601,225497,40635,24472,47237,47834,32687,50885,70736,56208,111644,32738,158285,55478,52509,37714,53641,40361,60932,49062,54542,64408,59684,172459,58215,43556,136328,73604,41155,72678,39332,63948,45611,56058,119519,56730,51374,107278,145535,39692,61164,73058,46052,89585,82702,63269,42051,58985,60705,139536,117574,67300,77131,77706,290382,108215,79267,56782,254032,72784,104796,667540,121994,67716,70123,100561,89978,112482,180473,183564,131435,82409,161710,149650,166619,97227,80716,126025,96943,117865,134963,97536,116878,159031,210649,136297,96668,160432,127354,145628,99082,81711,94058,254631,125188,161227,238577,113798,95664,124493,183491,203366,117050,190800,258273,133680,311717,166360,118939,230248,306047,200391,140539,133145,198070,143996,120342,156309,185879,202352,176366,173991,244245,233008,199086,259257,192703,196297,260832,268545,248030,365378,269824,263142,352144,373563,392264,545654,863526,417447,410920,472146,455924,433362,511764,454195,597558,432755,491562,697500,444011,603409,775141,959894,1147698,721373,648988,893505,842251,582111,1023815,774808,984651,817353,1289843,1179758,1063546,1053168,1355686,1627781,1570498,1921425,1473027,1625506,2340203,2935215,2061554,3092021,3278492,2206357,4647774,3912998,3666705,4469108,4480368,4018568,6352357,4566756,11470215,14520426,14343746,9736373,12639601,21712845,27307387,192283931
21-Aug,5143,23022,3678,8295,6592,9814,3583,23871,16422,28272,14161,9519,55042,5871,24407,5420,17275,3317,9687,7940,7406,153700,12434,8704,11335,16358,7887,44565,16090,8826,10839,6921,16178,15764,11716,23408,13217,37478,26558,29949,98366,73270,59938,18595,36950,29848,36267,226463,15006,81657,27441,16784,62550,41934,49363,21631,783446,17769,20431,206391,43348,32233,25860,81698,35620,42380,30794,25170,23833,37164,55057,35046,27747,35089,41781,18450,194270,22616,56389,23057,22382,25933,36602,19878,41195,43476,37407,31241,256236,128179,56035,28963,29190,43811,65872,39755,42243,270957,38597,31480,120405,63654,37344,52412,71992,54565,124392,38057,167482,56999,55600,37183,54260,41943,134129,50348,62822,69865,139595,165888,61299,36479,136772,75303,45121,73168,39836,70600,59191,56293,135143,54204,52859,84871,153690,42883,57622,86464,45102,110899,92480,84705,43304,67987,60071,148408,81544,72920,92735,108796,292396,241174,92006,61751,259842,74906,108295,640670,124611,105375,100934,93577,99107,117061,189513,173049,131939,86780,279998,150311,174698,101509,89877,144526,139294,129150,156684,99171,119367,217803,151859,139265,362726,117223,129244,148537,132722,85557,93139,252545,126492,169080,245154,167292,93968,121927,205153,205373,123641,341989,407584,138869,360840,177336,123033,258824,355354,240850,140497,141092,214023,139659,142462,171990,230150,193920,182193,329136,229227,224895,199648,271141,204881,205368,567466,399124,268495,418576,257564,291693,386758,360565,650316,558697,733848,403900,452543,521738,484327,438709,285216,460404,571935,447369,496289,991144,474955,652955,690764,1119140,976093,733638,739550,947410,884859,597489,974208,830105,1003061,843633,1340534,1385133,1197495,1079223,1460851,1625925,1550958,2190894,1478769,1702175,2603056,3046209,2161236,3270224,3452717,2422418,4864483,3728197,3754134,4654355,4457740,4272563,6412843,4660705,11313922,14396438,15008724,9515267,13945209,22179623,29095851,186872866
21-Sep,6259,21435,4040,8766,7539,9654,5588,20816,17137,39857,17778,9458,62248,5589,25061,5180,16553,2937,9419,7920,7107,375146,12944,8355,10705,24200,7301,46780,19288,8996,12272,6873,,15514,11447,11090,12878,38448,24115,33411,124371,76001,59010,18225,174471,23702,42421,500405,20225,229411,28395,16664,65993,82183,28288,20635,802810,18341,19644,508937,52181,37375,28597,86607,31027,41135,36848,25297,31108,37983,88267,39468,46916,35967,108523,18958,360527,25100,61728,22751,25908,131322,37200,18346,43744,51453,45876,25209,486222,259883,76631,25602,29078,57311,72433,41248,45685,629446,38982,32381,234924,69179,38442,61937,74808,65829,170296,37334,202348,54864,55724,36545,54995,45318,255434,49833,64938,71727,216192,173417,61624,34816,227718,69289,46910,71950,38201,99257,66811,54493,232941,58323,54321,58334,144434,52020,58460,93306,46329,98319,117970,87701,45535,70987,58438,179446,102999,77302,93517,133080,259519,380810,96017,57895,214420,73742,108810,461577,127069,152788,106211,89099,105774,116160,169316,155728,129339,82496,373029,187759,184301,91648,102522,161064,206425,177183,163324,99963,119450,263681,128220,134763,502990,129157,185454,185607,99517,90712,86638,262025,123071,169093,259049,176210,94318,142165,210789,196980,120228,552870,992258,134681,795541,167635,124517,337336,533021,242080,146523,146576,224156,144108,168859,184829,287185,176066,181743,231981,232114,230489,196299,267314,211590,212654,850702,519180,366705,465038,236260,360190,683882,398246,703143,621422,338518,403575,474577,529849,471682,434283,401954,499800,564970,518214,482517,1082634,489143,579542,936223,1239196,1158335,755534,766065,1111747,1003545,690251,940247,896444,1006372,882223,1320635,1273821,1365287,1326983,1587528,1482406,1673532,2491843,1494224,1772665,3056382,2875025,2171563,4044185,3380329,2538429,5551319,4540551,3899953,5012475,4549122,4163442,6528589,5037558,13705926,16011637,17568010,9340989,15423318,24297660,30258753,200179588
21-Oct,6566,22343,4567,,7626,10823,6021,22943,18738,42108,18355,9264,64049,7960,25437,5103,16250,2909,10695,7597,6906,333823,12196,9410,10551,23906,7762,48663,16986,9390,12223,6802,,15821,10740,19117,13713,41888,20706,34011,122808,79084,66513,18934,303453,22159,41387,450590,19753,168071,28664,17207,68246,78378,26502,20742,792719,18573,19113,474564,57166,44304,29920,84691,30004,40712,35340,25070,29997,39608,92765,40075,52221,36648,101931,19372,343105,23498,64317,22723,26375,120779,37626,20707,46158,49892,49702,28730,449085,216776,78564,27339,29723,56902,78008,39666,40364,589201,40518,31665,215678,64489,38581,62834,75053,66057,132413,36065,218303,57321,57298,38122,62610,50708,237706,50801,69123,63473,200247,182194,64245,39184,232062,70639,48662,74274,39865,119925,66626,57800,322080,56802,58940,59599,155310,56230,61415,94566,49915,97777,118241,86296,46504,70273,58866,193306,106320,78531,106089,120829,227604,349433,81598,67389,200246,75671,113951,356984,139210,146941,107429,107052,112295,124089,163264,166623,148458,80815,359248,188512,196540,105977,91255,164281,194962,189202,171337,95473,126966,255837,142272,144014,402741,180353,269171,201123,107326,92111,99994,274129,122811,162219,272789,179546,96353,141557,218046,216039,122284,481731,795218,138210,829379,165720,130200,444494,508517,235623,151831,148014,230803,138194,147802,198033,275579,158481,183372,224570,264373,258982,202300,276269,211394,223323,822799,446312,283765,446744,214038,361071,679770,481863,655352,588051,806943,386592,470139,552968,476187,487264,189322,541122,543876,445038,515267,872744,479158,577698,943403,1235908,1224447,788800,811639,1123831,1057591,726180,967200,913984,994755,928583,1429027,1254523,1498053,1325046,1630117,1605550,1927390,2366263,1527550,1752174,3079335,2942005,2148180,4156129,3683752,2924327,5325161,4703156,4447152,4987356,4864476,4628194,7005535,5210740,14591625,16672406,18605666,10384061,16060529,24273883,31480023,228173450
21-Nov,5701,20961,6116,,6925,9476,5521,23665,18872,41603,17843,9110,65149,12144,24550,4722,15904,2662,10229,7956,6752,243255,11137,9318,10015,23751,7735,49994,14816,9505,10570,6626,,15454,10539,19277,12971,40470,19363,30715,127912,72039,61185,18700,234470,22008,36295,332165,17149,144401,27411,16348,70140,70100,24419,18302,764509,17910,19175,354556,56219,46149,30730,89185,30100,42009,30492,24235,29768,37858,72676,37825,52342,33779,100658,20633,305620,25222,59971,21185,25056,119327,36420,19073,44841,44738,49083,27393,360450,207598,69497,29728,28649,55411,79852,35710,39337,576608,31885,25394,165723,66168,36053,63041,75669,59774,125077,34291,209747,56455,53962,36597,57002,36073,207471,46211,65600,58125,166782,170170,62457,35095,202157,62377,44137,67614,38123,99541,63683,54474,264608,53013,56908,58059,134564,45921,2378,95900,47532,88405,108622,80006,43292,65163,57520,186714,106188,75101,103573,109529,178554,322778,90936,66526,166323,73106,115586,253461,136952,122657,98198,103220,125732,117221,151936,160633,155519,83901,322033,183833,182422,96060,83811,157154,160740,166474,166221,89884,116498,232960,125172,137660,365095,167756,225273,160211,98696,88243,100760,265767,117775,152581,255109,157117,94847,151186,205768,206019,121024,391810,779189,129385,786951,156493,127877,383467,477468,231323,140290,140095,219971,136860,137200,187544,260780,137733,171023,203933,262071,239646,191157,257753,201458,211542,678046,511716,249072,439626,176384,328769,570741,441496,636107,566892,785173,316252,450136,537833,449474,458996,227832,507874,500180,427728,487150,853685,432406,570428,892672,1172706,1106484,734867,762415,1032346,1002127,681823,918386,861513,912794,871376,1376929,1223456,1487545,1172548,1519098,1569634,1633986,2345503,1483681,1620998,2774024,2924973,2040307,3701682,3524927,2933120,5228274,4483018,3700593,4537921,4506300,4401943,6942307,4859546,13474115,15116734,16838320,9529671,15214079,22155287,30598329,213222096
21-Dec,5592,23123,19986,,7311,10254,5898,23746,17902,40317,17751,8967,60952,4657,24253,4844,15365,2422,11659,7856,6562,76615,9957,10021,10118,19768,7781,69385,13786,8635,10055,6589,,14637,9233,23175,13464,39806,20307,30048,108082,72352,56878,19746,88033,21340,25511,180008,13245,95240,27032,16262,68367,37216,29017,21953,826619,18418,19482,210471,54413,50204,28494,69463,28752,41677,33896,25570,28232,37779,48422,35619,46601,32902,92115,22253,186697,23845,49549,23411,34904,103269,35140,20412,45680,40641,45867,27881,233178,116179,56639,27771,29900,49646,82963,31690,38373,428302,37947,20912,67219,60299,36451,60291,75636,61457,122378,32500,202785,58223,54708,36248,57946,36301,109309,48064,62776,55352,118664,165620,63297,35261,181178,73720,41640,70310,37202,72722,50900,55369,156791,52251,53265,59656,143242,46782,2316,87893,49606,89621,92882,75377,43962,59787,59527,186743,107303,76927,95374,77826,157387,224850,86112,67071,177175,71059,120077,225683,103509,84190,89956,107795,134725,115737,127690,176766,215608,81323,247229,174197,170866,96842,87849,149151,125626,164266,158337,82182,117014,214944,118292,147486,214151,185223,174533,145680,95204,86462,98285,262635,116052,135023,251871,121260,96234,141318,195718,218939,122282,256080,523348,132663,668424,159260,127153,273448,405981,217602,146885,137887,184284,147721,130421,183616,212276,132938,168767,190616,275831,244024,194984,261280,188178,207948,501612,466887,233280,416895,186863,302876,479892,388736,440211,556273,822769,251584,414392,519628,441000,425689,310400,481270,500942,422260,489732,691402,419331,538110,856229,1068934,1182372,707935,697507,979749,986910,675872,871673,772006,928924,863872,1424593,1093502,1403002,1120540,1417034,1656232,1492159,2146560,1546819,1554727,2561032,2870187,2018345,3354994,3353152,2777297,4949374,4465637,3761768,4481974,4501477,4356436,7130405,4354775,13041134,14773932,15638382,8646150,14490851,20104850,28701142,208810017
22-Jan,4960,18296,17111,,7048,7920,5068,17328,16932,39970,16779,7914,55162,4503,20247,4565,13367,2417,11315,6751,5849,36352,12567,10037,8502,22801,7654,45702,9231,9269,9691,5931,,10370,8526,28911,10892,37204,18817,29568,112948,59446,54817,16660,69471,19059,21622,234626,12507,86424,26654,15828,66561,44540,32010,19336,680993,15953,17519,377014,47909,45710,29282,89543,19927,35285,28616,23498,27827,28880,51360,33883,27735,34520,76564,19828,100286,18908,51692,19096,11684,108689,33576,17319,41432,38144,42597,22841,284575,147285,68393,25370,27744,51379,71295,32776,37148,262604,24690,22722,136673,64595,32780,55763,66580,53698,131172,30926,190588,50204,51101,33572,56186,29083,164199,35116,57431,53044,153706,175366,51464,31480,212540,70904,39184,62358,26775,94134,51858,48181,191955,47662,53685,53326,159139,33896,2155,81675,48075,79134,91526,72431,38783,62497,51140,161732,108245,67454,94672,90999,58391,325423,75684,49256,171712,69225,146723,150914,89452,109585,77158,95518,106646,100308,129364,151194,200399,73507,268752,151622,158206,77857,75362,140375,122961,178893,139107,79436,96836,202515,79534,131317,85803,175842,209629,138333,83451,88904,,215206,91098,138683,232161,78701,81098,134082,172951,179572,106515,385621,753768,102627,,141095,117333,277215,443501,229346,145812,121930,190658,132237,118516,184743,228020,122876,152765,171509,263645,206248,178651,215599,13846,196743,506446,421701,265771,394746,211443,280906,373054,444661,526238,463016,668261,253013,397050,478617,406162,458579,344162,480501,404548,358282,452232,713764,371466,562815,674504,760914,893686,598490,699145,851059,1000263,605864,720772,683011,817551,739231,1354824,1158895,1414112,952886,1283533,1607859,1368680,2160808,1207874,1406019,2387411,2877730,1753029,2981080,3189752,2721711,4765928,3668450,3487376,4246730,4309122,4121962,6921811,4168866,10686966,11225169,12728891,8211766,13297531,16565897,26157820,170803630
22-Feb,6077,19157,22306,,7276,7771,5419,21612,19675,42363,16839,8014,59036,4605,21120,4373,12246,1815,14360,7266,6342,250202,12854,11258,10297,23254,7855,48801,13208,8497,8740,6306,,14871,9236,21340,11813,38177,19382,29239,115698,64062,54656,17493,211757,18818,28554,402965,16055,157641,25501,16628,66090,73679,32394,21413,732353,15879,18925,466639,49481,48184,30077,91754,22725,39190,28242,23524,28397,32627,67955,35264,63482,34412,100379,19779,264575,21186,51612,19628,23367,111207,32655,17290,53402,47990,44096,23225,462800,205882,73267,24928,29810,51029,78233,32491,35801,395620,33289,897,180667,60802,32933,57961,58474,56013,133177,33027,189194,53473,53617,32077,56831,27879,181651,44535,57682,55144,171877,175844,57406,34107,189542,67656,44717,69820,32859,94182,69690,53007,282808,53523,54151,54500,100480,34053,2421,82660,48334,88010,98956,70443,43673,63619,54155,170115,106006,59846,95364,118981,61694,337208,67296,58414,176780,71479,151377,161269,85013,113215,91609,97028,114231,105849,136314,157762,227285,78408,383783,153696,158518,85333,72088,149661,180319,178448,150534,73985,104393,219670,84236,131354,94846,182074,251345,154184,83992,88989,,202900,97831,145184,232442,151821,88493,137253,202780,166868,97994,441869,728556,121182,,148235,102251,367525,470943,229588,145541,115901,205773,131574,122760,184340,252788,118773,166914,185918,278538,221677,180276,232664,13792,190616,766278,502139,237157,416634,207881,305308,547784,428909,631820,490960,799800,253436,408384,508142,390033,439984,347548,497537,460273,388010,456621,819001,349988,554526,736097,827958,1037763,629760,726369,895379,1026492,620098,753836,698416,770010,774828,1355754,1159594,1436496,957374,1339106,1626522,1372951,2582906,1199366,1346567,2542877,2825942,1823736,3323259,3180776,2770491,5030193,3764413,2792293,4099294,4220813,4098318,6955147,4152581,12510422,12854221,14141176,8460716,14014319,18861599,26466701,193341718
22-Mar,6899,24502,18286,,8397,9611,6826,38760,23706,53607,20425,11153,71143,5887,26253,5616,17743,2912,14054,9759,7366,225692,17606,13186,13475,27218,9281,54879,15885,10311,11762,7908,,18056,10984,25704,15538,41416,25433,37585,130670,82905,73170,20035,190988,23240,36270,344903,17650,138343,30461,20211,80515,56679,36369,26813,890382,19537,23073,390223,55738,62301,36089,103110,25238,46029,37374,28236,32240,40196,67056,42041,59701,41006,105178,23029,355590,24363,66518,23614,22550,140191,39645,19153,61503,50479,52315,30908,390474,185896,83859,30506,33412,62893,93896,40319,42171,510957,39754,1038,193421,71738,44683,54923,78224,73033,147124,41444,246529,64122,61301,39323,65669,32657,200236,54324,68479,65737,176210,211072,68897,38683,208974,81389,54126,86168,36348,100154,68833,61129,282519,64687,62309,63008,115733,46480,2531,101330,56371,106979,114993,88313,48448,74079,64181,213788,122452,80225,111074,116533,68664,337224,90893,54606,225809,82705,175806,204066,108961,127626,104355,106295,137579,124800,154809,178498,292806,91992,353948,202038,186865,100095,88442,177366,181869,168841,175521,90331,129810,273362,101407,154167,93794,218695,253332,190141,104633,104395,,288616,117984,182600,268163,174824,102065,161489,231960,225955,127793,409751,816180,140320,,161190,144337,391896,524176,273878,156789,140778,252791,152858,159672,224908,274940,155234,195872,210011,327385,265281,207227,276620,16092,222080,765120,591367,263201,446338,295812,360079,642085,485284,631841,601910,1043127,306416,493810,607081,483739,503705,424774,588490,535462,466129,516062,863351,415777,641160,971791,1026624,1106945,582602,894447,1124289,1155790,777648,930360,873767,981240,998974,1575916,1301115,1704450,1280271,1633451,1991661,1750832,2707084,1397310,1672782,3150005,3201222,2103399,3822844,3545181,3133470,6012444,4520359,4006907,4852710,5007425,5291420,7830708,4874856,14972526,17640171,18198979,10381461,17338936,24024654,31278357,232620614
22-Apr,6571,23645,8369,,7737,9015,5901,33520,20507,51931,19371,10225,70205,4959,25582,5491,16319,2669,11766,8539,6796,234550,15479,11380,11771,25324,9268,54048,16802,9533,11280,7260,,17269,10176,20094,15108,41840,25363,28148,128073,83095,67973,18990,274999,22176,30301,374187,17348,148679,30229,18816,73992,63271,34073,22889,812963,20042,20883,450055,57157,46085,33278,101364,27734,44214,38172,27276,28991,40483,64246,40153,59262,40001,98367,23058,274938,23457,59252,23344,28385,101628,36305,18407,59437,50919,52558,27516,419582,197135,74516,27924,31052,54988,93866,37522,42897,550554,39487,1020,211904,73309,42543,65197,74996,70851,147932,40354,226913,62075,60022,43275,63468,32438,203426,54473,66492,60487,179437,199726,79608,36523,207106,78390,53185,79765,40946,104174,65862,58430,334653,60998,60180,62300,111782,40923,2432,103008,53938,92507,31424,88606,44512,69295,60172,212264,118208,81559,115887,127612,71473,355940,89119,54465,233911,77131,183798,289553,101297,130528,95605,101172,136107,119864,156664,196858,239597,86244,375940,179981,172187,97431,85483,176989,180054,132069,172409,85433,125373,244608,99979,148739,97487,182354,287565,175230,103115,98845,,284635,145190,182433,256593,169245,97836,157306,216853,234722,126404,377208,718742,130191,,157132,134383,417948,476789,260507,148798,137030,243041,146750,146776,206850,270316,169806,195896,218358,322431,268616,195452,266695,8636,218436,813098,531512,269314,488153,297840,341105,641957,496794,678562,694827,1121337,356382,463626,600386,475708,473996,413028,564231,544850,553170,513504,819260,407434,592235,919263,1023665,463725,702517,907579,,1068765,,1007700,849824,1007476,968810,1562232,1287061,1655446,1137699,1611964,1965454,1742242,2485689,1467629,1710268,2967932,3148556,2165499,3813411,3648905,3050020,6019310,4448353,4067639,4938244,4905725,4808976,7485146,4876322,13645921,17111048,17974675,10575168,17417330,23250854,30215380,232175817
22-May,6520,22132,5144,,8160,9006,6397,32336,18019,55501,18609,10277,70897,4898,25310,5331,15630,2965,10605,8936,6707,55472,16299,13238,11755,21725,9157,56389,17311,10047,9693,8504,,17673,9256,21777,15860,39168,21749,28625,118598,81909,68261,19333,248678,23929,37659,135900,13472,64186,32226,19180,70993,40125,30204,21781,840667,18047,22006,107910,59938,47009,32493,104922,29721,45258,37033,26066,30155,43405,44634,36789,48812,39611,101823,22499,241542,21882,54449,23659,27770,135680,36163,19445,51809,49000,54678,30302,235603,94628,70358,28571,30907,56568,96180,38954,43051,331968,38056,,84311,73015,40795,64300,77893,71485,138766,42674,231819,59423,59152,40011,64067,32561,143167,54450,63186,59517,83885,212363,80036,36186,178263,74868,58527,83892,37009,107668,52774,56411,323834,61783,62112,63691,111981,45139,2461,95135,53282,96816,29976,80188,47007,50910,61525,222260,121491,82765,115173,85034,99265,168737,90583,58254,258165,80724,186234,400945,102251,85258,95170,101470,138467,130414,162579,193133,149767,90332,238202,194803,245268,98589,90821,185032,127525,147640,175980,88953,130908,268405,97055,148246,70885,170285,284689,189246,94603,98218,,315752,155675,181919,272684,125401,95437,154409,220095,231141,179216,220963,406481,137387,,162180,142069,399270,407989,268755,156919,145979,247164,150059,142402,221557,215621,187630,195140,233864,295803,277921,196934,277125,11211,232562,477568,487604,262003,474075,276060,331705,467561,513461,495410,761286,229984,419495,463805,638814,510298,518203,447969,582622,562062,614108,535222,762253,423575,636262,968706,1050420,495329,722837,932532,,1177302,,1068205,886478,1034768,911958,1569371,1271476,1819311,1236130,1658933,2007782,1748390,2502014,1610432,1765193,2864861,3154617,2176750,3702319,3880016,2959967,6290005,4717702,4219085,5050137,5191313,5018105,7458425,5102927,14290167,17719411,18691357,11142220,18241177,24793013,30748691,238293186
22-Jun,4988,22118,5428,,8277,9144,6364,36326,18930,42591,19943,11031,69766,,27951,5129,16962,3198,11924,8853,6606,43168,14194,13580,11670,17933,9485,61317,18458,10293,10153,8362,,17876,11355,28992,16571,40258,24234,26919,123574,83916,76076,21045,116899,26695,30091,52729,13517,22682,34277,20399,75523,26315,38737,22043,848962,20244,23806,95784,56155,43527,27293,111844,34011,44314,40897,27909,25180,48363,39971,28684,31016,41129,48462,22443,116122,22647,55111,25265,29786,58819,37202,21883,51441,41181,45273,34203,91246,54088,62595,30270,30739,42750,86380,37781,44995,304228,42022,,56170,56920,40303,57474,82359,69801,143018,41855,213623,65173,60582,41807,63914,34567,140110,57691,67261,62515,77225,214792,101147,32677,165969,75813,55376,91506,40144,56902,49064,60810,5746,67431,64532,65906,112704,40950,,91660,56016,94486,31292,74266,46632,47556,65388,204137,118064,83074,73633,89783,139511,151226,90449,64849,308806,86820,224490,496297,104738,72737,81647,98262,133474,,150069,197382,146339,88759,181458,182740,196247,101517,85973,187214,104808,,167125,90245,137218,208790,102509,154239,62908,168967,216055,203144,106733,96426,,330556,175542,196851,274967,123955,98165,162878,224959,236483,210314,230536,422400,141628,,150175,150748,295250,385864,254347,168229,148393,245604,153351,131380,194086,207398,214728,202525,200392,294669,278607,195476,302140,8120,233724,317364,424404,255184,443409,277524,323638,403067,474438,457235,826367,226287,426282,484602,618266,525506,538065,485233,568804,645444,649314,525223,765894,446526,611367,948307,921898,501204,788482,844461,,1076884,,1078728,888463,1123794,899855,1534157,1173387,1742123,1175225,1595277,1782131,1690733,2709336,1580396,1791790,2916952,2946575,2078052,3716503,3735589,2647719,5823648,4559066,4192533,5502649,5301986,4995753,7280954,5080790,14332869,18111703,19104845,11614183,17843804,25279880,29819531,245992263
22-Jul,4197,20737,5111,,8066,9010,6123,34804,17114,,19216,,70585,,26240,5071,15616,2953,10647,8131,5670,,,13910,,16506,8352,,17232,10290,8806,,,,10901,26591,14594,,22341,24190,117528,79549,73628,20034,,25065,23997,49046,14210,23193,35141,,71107,,65246,20456,266937,18765,20437,9833,53750,,24522,110339,33252,47355,39561,25533,21823,48746,39970,,30090,41827,50996,22130,102494,22050,47990,23988,27996,30259,33560,20323,43233,37795,58735,27942,,52389,56884,28564,27922,46815,,44918,3305,284719,40883,,58093,51748,33262,53742,79937,69235,136415,38403,188874,,56824,41767,65900,33341,126492,56715,64099,61993,69286,200924,102216,,150477,85730,51849,79433,40274,52651,46334,59704,156778,66678,61206,,106255,,,88143,54199,99412,30471,84281,43804,42796,,195329,,73798,,84240,206910,149819,,,298030,68997,209114,515140,96858,67820,75622,108666,128981,,190049,191555,143132,79368,6345,151889,178383,,78338,181918,98311,,162935,84384,64599,202114,,,65603,,185697,187290,100658,81076,,324859,180116,198174,289130,118785,96113,154105,28290,245207,170899,238142,269325,135299,,30358,143782,301155,358635,218770,168710,141094,10600,182534,128870,188095,205755,227259,8457,,286588,240992,183829,289488,,234851,290113,277049,,415372,,34827,,459176,405536,831735,227939,425918,4059,617507,492548,568741,484494,534970,632809,664799,495910,122719,467140,619820,840342,909407,17562,800337,781259,,915860,,1085477,874527,240202,923472,1450556,1155969,1716629,1141117,1549868,1722065,1690631,2384076,1605445,99247,2744528,3026269,2093205,3608026,3780788,1273403,6248380,52399,3972933,5191191,5266121,4933220,7080133,5041374,12682216,16932665,18190217,11965312,15183332,24804301,28376556,226745561
